environment | time (second),combined_concs | totEGFRphos (nanomolar),combined_concs | totGrb_EGFR (nanomolar),combined_concs | totGrb_Shc (nanomolar),combined_concs | totPLCgammaphos (nanomolar),combined_concs | totShc_EGFR (nanomolar),combined_concs | totShcphos (nanomolar),combined_concs | totSOS_EGFR (nanomolar),EGF | EGF (nanomolar),EGF | EGF' (nanomolar/second),G_S | G_S (nanomolar),G_S | G_S' (nanomolar/second),Grb | Grb (nanomolar),Grb | Grb' (nanomolar/second),PLC_gamma | PLC_gamma (nanomolar),PLC_gamma | PLC_gamma' (nanomolar/second),PLC_gamma_P | PLC_gamma_P (nanomolar),PLC_gamma_P | PLC_gamma_P' (nanomolar/second),PLC_gamma_P_I | PLC_gamma_P_I (nanomolar),PLC_gamma_P_I | PLC_gamma_P_I' (nanomolar/second),R | R (nanomolar),R | R' (nanomolar/second),R2 | R2 (nanomolar),R2 | R2' (nanomolar/second),R_G | R_G (nanomolar),R_G | R_G' (nanomolar/second),R_G_S | R_G_S (nanomolar),R_G_S | R_G_S' (nanomolar/second),R_PL | R_PL (nanomolar),R_PL | R_PL' (nanomolar/second),R_PLP | R_PLP (nanomolar),R_PLP | R_PLP' (nanomolar/second),R_Sh | R_Sh (nanomolar),R_Sh | R_Sh' (nanomolar/second),R_Sh_G | R_Sh_G (nanomolar),R_Sh_G | R_Sh_G' (nanomolar/second),R_Sh_G_S | R_Sh_G_S (nanomolar),R_Sh_G_S | R_Sh_G_S' (nanomolar/second),R_ShP | R_ShP (nanomolar),R_ShP | R_ShP' (nanomolar/second),Ra | Ra (nanomolar),Ra | Ra' (nanomolar/second),RP | RP (nanomolar),RP | RP' (nanomolar/second),Sh_G | Sh_G (nanomolar),Sh_G | Sh_G' (nanomolar/second),Sh_G_S | Sh_G_S (nanomolar),Sh_G_S | Sh_G_S' (nanomolar/second),Shc | Shc (nanomolar),Shc | Shc' (nanomolar/second),ShP | ShP (nanomolar),ShP | ShP' (nanomolar/second),SOS | SOS (nanomolar),SOS | SOS' (nanomolar/second),v1 | k1 (second_order_rate_constant),v1 | k1_ (first_order_rate_constant),v1 | v1 (flux),v10 | k10 (second_order_rate_constant),v10 | k10_ (first_order_rate_constant),v10 | v10 (flux),v11 | k11 (first_order_rate_constant),v11 | k11_ (second_order_rate_constant),v11 | v11 (flux),v12 | k12 (first_order_rate_constant),v12 | k12_ (second_order_rate_constant),v12 | v12 (flux),v13 | k13 (second_order_rate_constant),v13 | k13_ (first_order_rate_constant),v13 | v13 (flux),v14 | k14 (first_order_rate_constant),v14 | k14_ (first_order_rate_constant),v14 | v14 (flux),v15 | k15 (first_order_rate_constant),v15 | k15_ (second_order_rate_constant),v15 | v15 (flux),v17 | k17 (second_order_rate_constant),v17 | k17_ (first_order_rate_constant),v17 | v17 (flux),v18 | k18 (first_order_rate_constant),v18 | k18_ (second_order_rate_constant),v18 | v18 (flux),v19 | k19 (second_order_rate_constant),v19 | k19_ (first_order_rate_constant),v19 | v19 (flux),v2 | k2 (second_order_rate_constant),v2 | k2_ (first_order_rate_constant),v2 | v2 (flux),v20 | k20 (first_order_rate_constant),v20 | k20_ (second_order_rate_constant),v20 | v20 (flux),v21 | k21 (second_order_rate_constant),v21 | k21_ (first_order_rate_constant),v21 | v21 (flux),v22 | k22 (second_order_rate_constant),v22 | k22_ (first_order_rate_constant),v22 | v22 (flux),v23 | k23 (first_order_rate_constant),v23 | k23_ (second_order_rate_constant),v23 | v23 (flux),v24 | k24 (second_order_rate_constant),v24 | k24_ (first_order_rate_constant),v24 | v24 (flux),v25 | k25 (first_order_rate_constant),v25 | k25_ (first_order_rate_constant),v25 | v25 (flux),v3 | k3 (first_order_rate_constant),v3 | k3_ (first_order_rate_constant),v3 | v3 (flux),v5 | k5 (second_order_rate_constant),v5 | k5_ (first_order_rate_constant),v5 | v5 (flux),v6 | k6 (first_order_rate_constant),v6 | k6_ (first_order_rate_constant),v6 | v6 (flux),v7 | k7 (first_order_rate_constant),v7 | k7_ (second_order_rate_constant),v7 | v7 (flux),v9 | k9 (second_order_rate_constant),v9 | k9_ (first_order_rate_constant),v9 | v9 (flux)
0,0,0,0,0,0,0,0,680,-204,0,0.289,85,-0.289,105,0,0,0,0,0,100,-204,0,0,0,0,0,0,0,0,0,0,0,0,0,0,0,0,0,0,0,204,0,0,0,0,0,0,150,0,0,0,34,-0.289,0.003,0.06,204,0.01,0.06,0,0.03,0.0045,0,0.0015,0.0001,-0.289,0.09,0.6,0,6,0.06,0,0.3,0.0009,0,0.003,0.1,0,0.3,0.0009,0,0.01,0.0214,0,0.01,0.1,0,0.12,0.00024,0,0.003,0.1,0,0.03,0.064,0,0.1,0.021,0,0.009,0.0429,0,1,0.03,0,1,0.01,0,0.06,0.2,0,1,0.05,0,0.3,0.006,0,0.003,0.05,0
1,11.0101,0.17563,0.120341,0.339709,2.05391,2.19588,0.0126938,596.596,-26.859,0.285692,0.278413,84.527,-0.969426,103.407,-3.98047,0.0171593,0.0796225,0.00290127,0.0170722,16.5964,-26.859,12.4884,8.75308,0.0613293,0.149505,0.00562682,0.0210381,1.24991,2.74669,0.32255,1.13708,1.12991,1.66008,0.101607,0.418547,0.00706701,0.037941,1.94523,5.59144,47.4167,-15.6103,0.681841,0.719232,0.00992415,0.0526047,0.00174253,0.011377,146.674,-8.32282,0.130305,0.550832,33.6999,-0.348769,0.003,0.06,26.859,0.01,0.06,0.0203303,0.03,0.0045,-0.000707781,0.0015,0.0001,-0.284426,0.09,0.6,8.32282,6,0.06,6.66274,0.3,0.0009,0.58349,0.003,0.1,0.483113,0.3,0.0009,0.0304761,0.01,0.0214,0.0340903,0.01,0.1,21.2346,0.12,0.00024,0.000847756,0.003,0.1,0.0320504,0.03,0.064,0.00992176,0.1,0.021,-0.000607517,0.009,0.0429,0.00469847,1,0.03,0.0170722,1,0.01,12.4816,0.06,0.2,3.98047,1,0.05,1.23378,0.3,0.006,0.0966947,0.003,0.05,0.169836
2,38.524,1.52862,1.58015,2.72686,9.93884,11.8219,0.235898,583.884,-4.90088,0.542298,0.229752,82.5918,-2.91719,98.4912,-5.18415,0.276689,0.460179,0.11601,0.273209,3.8844,-4.90088,12.9354,-4.15679,0.231903,0.16293,0.0538112,0.0744091,3.66591,1.64075,2.45017,2.81002,1.92005,0.128977,1.06082,1.38307,0.182087,0.360261,8.69594,6.30795,31.7208,-12.6363,1.00133,0.0569897,0.236476,0.448888,0.100772,0.257874,136.258,-11.1275,1.54585,2.24048,33.121,-0.922296,0.003,0.06,4.90088,0.01,0.06,0.0735799,0.03,0.0045,-0.000829256,0.0015,0.0001,-0.272739,0.09,0.6,11.1275,6,0.06,10.9985,0.3,0.0009,2.60739,0.003,0.1,2.04856,0.3,0.0009,0.318032,0.01,0.0214,0.347457,0.01,0.1,8.76857,0.12,0.00024,0.0218262,0.003,0.1,0.359377,0.03,0.064,0.228521,0.1,0.021,-0.00752738,0.009,0.0429,0.0346306,1,0.03,0.273209,1,0.01,12.9254,0.06,0.2,5.18415,1,0.05,3.5434,0.3,0.006,0.733388,0.003,0.05,0.23651
3,59.7655,3.77945,4.83436,6.20261,16.6842,22.5496,0.895679,581.392,-1.09731,0.748591,0.190288,78.9038,-4.31424,93.5739,-4.60719,0.889794,0.718825,0.66733,0.869774,1.39162,-1.09731,8.33877,-4.24979,0.366623,0.106926,0.146587,0.10632,4.55613,0.3167,5.31282,2.70189,1.83344,-0.183441,2.51714,1.38836,0.749093,0.750312,13.418,3.19121,22.1654,-7.06099,0.982898,-0.0493379,0.907546,0.860134,0.660582,0.911899,125.617,-10.0121,4.29728,3.09364,31.6951,-1.95882,0.003,0.06,1.09731,0.01,0.06,0.107406,0.03,0.0045,0.00108655,0.0015,0.0001,-0.248964,0.09,0.6,10.0121,6,0.06,10.1956,0.3,0.0009,4.0216,0.003,0.1,2.92448,0.3,0.0009,0.75434,0.01,0.0214,0.781782,0.01,0.1,4.07915,0.12,0.00024,0.0897353,0.003,0.1,0.926461,0.03,0.064,0.820667,0.1,0.021,-0.00149681,0.009,0.0429,0.0582654,1,0.03,0.869774,1,0.01,8.32894,0.06,0.2,4.60719,1,0.05,4.29049,0.3,0.006,1.5886,0.003,0.05,0.214332
4,72.7253,6.00318,9.13228,9.27107,20.798,32.1265,1.86164,580.767,-0.336449,0.94159,0.204458,74.2152,-4.96512,89.2319,-4.12071,1.62468,0.716711,1.88839,1.56803,0.767337,-0.336449,4.91631,-2.61806,0.452931,0.0700945,0.258005,0.113202,4.60862,-0.105591,7.64639,1.94156,1.65689,-0.154161,3.68861,0.934252,1.60364,0.914795,15.5057,1.2196,16.6747,-4.24123,0.941821,-0.0268564,1.88202,1.05853,1.95802,1.66979,116.217,-8.85684,7.48844,3.21404,29.2388,-2.90224,0.003,0.06,0.336449,0.01,0.06,0.116951,0.03,0.0045,0.00374951,0.0015,0.0001,-0.215584,0.09,0.6,8.85684,6,0.06,9.011,0.3,0.0009,4.64538,0.003,0.1,3.08342,0.3,0.0009,1.10499,0.01,0.0214,1.04418,0.01,0.1,2.28884,0.12,0.00024,0.191994,0.003,0.1,1.47907,0.03,0.064,1.52552,0.1,0.021,0.0477297,0.009,0.0429,0.0626044,1,0.03,1.56803,1,0.01,4.9069,0.06,0.2,4.12071,1,0.05,4.2263,0.3,0.006,2.28474,0.003,0.05,0.187046
5,80.3583,7.78774,13.8308,11.5079,23.1363,40.7072,2.87143,580.543,-0.150648,1.16921,0.253211,69.1175,-5.17943,85.2524,-3.87056,2.28127,0.587029,3.76897,2.1682,0.542703,-0.150648,2.92835,-1.45828,0.514358,0.0556761,0.368207,0.105608,4.47077,-0.138879,9.2266,1.25421,1.53138,-0.0991763,4.40195,0.515395,2.50322,0.855803,16.2312,0.365225,13.2423,-2.77086,0.931491,0.00517675,2.98807,1.14596,3.93752,2.24778,107.761,-8.11526,10.6453,3.08427,26.0218,-3.4624,0.003,0.06,0.150648,0.01,0.06,0.111753,0.03,0.0045,0.00614523,0.0015,0.0001,-0.178103,0.09,0.6,8.11526,6,0.06,8.21443,0.3,0.0009,4.86042,0.003,0.1,2.92537,0.3,0.0009,1.31808,0.01,0.0214,1.0919,0.01,0.1,1.46076,0.12,0.00024,0.299507,0.003,0.1,1.90853,0.03,0.064,2.08065,0.1,0.021,0.132373,0.009,0.0429,0.0634105,1,0.03,2.1682,1,0.01,2.91904,0.06,0.2,3.87056,1,0.05,4.00944,0.3,0.006,2.75523,0.003,0.05,0.167429
6,84.9888,9.08292,18.5875,13.0273,24.4659,48.6582,3.74441,580.428,-0.0889195,1.44651,0.298038,63.9303,-5.168,81.4423,-3.76729,2.79506,0.443832,6.17113,2.60993,0.427558,-0.0889195,1.82866,-0.808186,0.56852,0.054101,0.467168,0.0917186,4.35924,-0.0803418,10.2323,0.793868,1.45196,-0.062888,4.76998,0.244199,3.27725,0.681653,16.4186,0.0676166,10.9263,-1.93304,0.949371,0.0292408,4.17257,1.22691,6.36767,2.57138,99.8898,-7.66375,13.6521,2.93488,22.4414,-3.64279,0.003,0.06,0.0889195,0.01,0.06,0.0995539,0.03,0.0045,0.00783528,0.0015,0.0001,-0.141299,0.09,0.6,7.66375,6,0.06,7.72664,0.3,0.0009,4.91392,0.003,0.1,2.67195,0.3,0.0009,1.42743,0.01,0.0214,1.00032,0.01,0.1,1.01098,0.12,0.00024,0.391819,0.003,0.1,2.2011,0.03,0.064,2.40162,0.1,0.021,0.222058,0.009,0.0429,0.0731541,1,0.03,2.60993,1,0.01,1.81917,0.06,0.2,3.76729,1,0.05,3.84763,0.3,0.006,3.05376,0.003,0.05,0.153655
7,87.9522,9.96207,23.2465,14.057,25.2262,56.2188,4.40854,580.354,-0.060599,1.75539,0.31382,58.8226,-5.03151,77.6918,-3.74305,3.17999,0.332522,8.94199,2.91173,0.354299,-0.060599,1.21126,-0.463002,0.624534,0.0585595,0.550997,0.0758112,4.30919,-0.0222896,10.877,0.521086,1.40032,-0.0424475,4.929,0.0887606,3.85754,0.479027,16.4397,-0.00408289,9.27095,-1.41616,0.987852,0.0469571,5.45355,1.34172,9.00642,2.67382,92.3809,-7.37309,16.5326,2.8363,18.8297,-3.54247,0.003,0.06,0.060599,0.01,0.06,0.0845378,0.03,0.0045,0.00872663,0.0015,0.0001,-0.108128,0.09,0.6,7.37309,6,0.06,7.41554,0.3,0.0009,4.91721,0.003,0.1,2.40817,0.3,0.0009,1.47385,0.01,0.0214,0.845563,0.01,0.1,0.73838,0.12,0.00024,0.460769,0.003,0.1,2.37211,0.03,0.064,2.50425,0.1,0.021,0.291199,0.009,0.0429,0.0942336,1,0.03,2.91173,1,0.01,1.20138,0.06,0.2,3.74305,1,0.05,3.76534,0.3,0.006,3.24425,0.003,0.05,0.143097
8,89.9625,10.5159,27.739,14.7877,25.646,63.5199,4.85977,580.302,-0.044403,2.06215,0.294,53.8936,-4.81543,73.9419,-3.76225,3.47278,0.258827,11.9615,3.11394,0.302447,-0.044403,0.849791,-0.278656,0.686441,0.0654803,0.618773,0.0598212,4.30893,0.0190653,11.3149,0.370423,1.36392,-0.0315194,4.96965,0.000368885,4.241,0.292575,16.4353,0.00157095,8.03549,-1.07702,1.04227,0.0615822,6.86878,1.4944,11.6596,2.60878,85.1162,-7.1659,19.3455,2.79972,15.4185,-3.25518,0.003,0.06,0.044403,0.01,0.06,0.0687125,0.03,0.0045,0.00889128,0.0015,0.0001,-0.0800026,0.09,0.6,7.1659,6,0.06,7.19742,0.3,0.0009,4.91245,0.003,0.1,2.16031,0.3,0.0009,1.48445,0.01,0.0214,0.675489,0.01,0.1,0.560712,0.12,0.00024,0.506003,0.003,0.1,2.44093,0.03,0.064,2.43098,0.1,0.021,0.328196,0.009,0.0429,0.12309,1,0.03,3.11394,1,0.01,0.839368,0.06,0.2,3.76225,1,0.05,3.74319,0.3,0.006,3.37276,0.003,0.05,0.134193
9,91.4007,10.8211,32.0295,15.3495,25.8428,70.629,5.1247,580.264,-0.0339685,2.33339,0.244375,49.2105,-4.54282,70.1588,-3.80729,3.70754,0.214806,15.149,3.25307,0.263608,-0.0339685,0.626842,-0.176877,0.755708,0.0730646,0.670922,0.0446711,4.34272,0.0466666,11.642,0.292749,1.33548,-0.02607,4.94065,-0.05477,4.45378,0.138943,16.4484,0.0250128,7.08196,-0.843747,1.11077,0.0754678,8.45121,1.67338,14.1839,2.42316,78.0355,-6.9999,22.1511,2.82025,12.358,-2.85115,0.003,0.06,0.0339685,0.01,0.06,0.0531353,0.03,0.0045,0.00846423,0.0015,0.0001,-0.0573144,0.09,0.6,6.9999,6,0.06,7.02597,0.3,0.0009,4.91237,0.003,0.1,1.93423,0.3,0.0009,1.47375,0.01,0.0214,0.515257,0.01,0.1,0.438858,0.12,0.00024,0.530672,0.003,0.1,2.42508,0.03,0.064,2.22544,0.1,0.021,0.332955,0.009,0.0429,0.154358,1,0.03,3.25307,1,0.01,0.615734,0.06,0.2,3.80729,1,0.05,3.76063,0.3,0.006,3.46788,0.003,0.05,0.1262
10,92.4768,10.9367,36.0925,15.8235,25.8794,77.5787,5.2394,580.233,-0.026789,2.54468,0.176103,44.8217,-4.22886,66.3217,-3.86918,3.90907,0.190912,18.4554,3.35541,0.233438,-0.026789,0.481938,-0.118023,0.832455,0.0803142,0.708592,0.0309474,4.39938,0.0655241,11.9144,0.257335,1.31073,-0.0238497,4.8649,-0.0952264,4.5308,0.02089,16.4837,0.0439775,6.32594,-0.677173,1.19344,0.0900914,10.2177,1.8587,16.4791,2.15713,71.1106,-6.85152,25.0024,2.8899,9.73681,-2.38507,0.003,0.06,0.026789,0.01,0.06,0.0385391,0.03,0.0045,0.00759161,0.0015,0.0001,-0.039825,0.09,0.6,6.85152,6,0.06,6.87537,0.3,0.0009,4.91826,0.003,0.1,1.72999,0.3,0.0009,1.44849,0.01,0.0214,0.376726,0.01,0.1,0.351981,0.12,0.00024,0.538977,0.003,0.1,2.34018,0.03,0.064,1.92998,0.1,0.021,0.311826,0.009,0.0429,0.18314,1,0.03,3.35541,1,0.01,0.470004,0.06,0.2,3.86918,1,0.05,3.80366,0.3,0.006,3.54632,0.003,0.05,0.118853
11,93.3111,10.9081,39.9049,16.2582,25.7908,84.3815,5.23985,580.209,-0.0216344,2.68338,0.101107,40.7622,-3.88651,62.4165,-3.94287,4.09356,0.179694,21.8533,3.43797,0.209361,-0.0216344,0.383213,-0.0822255,0.916015,0.086609,0.733456,0.0191369,4.47201,0.0790825,12.1646,0.246124,1.28702,-0.0238643,4.75221,-0.129465,4.50639,-0.0647154,16.5322,0.0506201,5.71307,-0.554507,1.29166,0.106768,12.1623,2.02512,18.484,1.84872,64.3315,-6.70631,27.9443,2.99989,7.59277,-1.90425,0.003,0.06,0.0216344,0.01,0.06,0.0255435,0.03,0.0045,0.00640659,0.0015,0.0001,-0.0269247,0.09,0.6,6.70631,6,0.06,6.73017,0.3,0.0009,4.92717,0.003,0.1,1.54645,0.3,0.0009,1.41152,0.01,0.0214,0.264387,0.01,0.1,0.288071,0.12,0.00024,0.535037,0.003,0.1,2.20099,0.03,0.064,1.58739,0.1,0.021,0.27371,0.009,0.0429,0.205935,1,0.03,3.43797,1,0.01,0.370296,0.06,0.2,3.94287,1,0.05,3.86378,0.3,0.006,3.61766,0.003,0.05,0.112152
12,93.9768,10.7704,43.4451,16.6821,25.5974,91.0373,5.15804,580.19,-0.0178138,2.74812,0.0296918,37.0539,-3.52851,58.4331,-4.02526,4.27099,0.176123,25.3283,3.51114,0.189727,-0.0178138,0.313231,-0.0593463,1.00524,0.091614,0.747634,0.00962726,4.55646,0.0893615,12.4112,0.248634,1.26246,-0.0254919,4.60715,-0.16007,4.41041,-0.123244,16.5799,0.0421077,5.20699,-0.461795,1.40803,0.126612,14.2528,2.14642,20.1747,1.53447,57.7002,-6.55448,31.0124,3.14029,5.91917,-1.45055,0.003,0.06,0.0178138,0.01,0.06,0.0146438,0.03,0.0045,0.00501653,0.0015,0.0001,-0.0178107,0.09,0.6,6.55448,6,0.06,6.57997,0.3,0.0009,4.93466,0.003,0.1,1.38233,0.3,0.0009,1.36408,0.01,0.0214,0.178322,0.01,0.1,0.239804,0.12,0.00024,0.522431,0.003,0.1,2.02211,0.03,0.064,1.23977,0.1,0.021,0.227729,0.009,0.0429,0.220865,1,0.03,3.51114,1,0.01,0.299151,0.06,0.2,4.02526,1,0.05,3.9359,0.3,0.006,3.68726,0.003,0.05,0.106258
13,94.52,10.5527,46.6949,17.1117,25.3113,97.5371,5.02048,580.173,-0.0149078,2.7465,-0.0306163,33.7062,-3.16749,54.3639,-4.11414,4.44728,0.177005,28.8745,3.58105,0.17343,-0.0149078,0.262022,-0.0440369,1.0988,0.0953124,0.753549,0.00262442,4.64999,0.0973685,12.6644,0.258717,1.23558,-0.0284911,4.43341,-0.186613,4.26693,-0.160685,16.611,0.0172816,4.7825,-0.390134,1.54641,0.151043,16.4332,2.20212,21.5615,1.24534,51.2273,-6.38832,34.2312,3.29937,4.67157,-1.05667,0.003,0.06,0.0149078,0.01,0.06,0.0061184,0.03,0.0045,0.00349398,0.0015,0.0001,-0.0116263,0.09,0.6,6.38832,6,0.06,6.41681,0.3,0.0009,4.93565,0.003,0.1,1.23634,0.3,0.0009,1.30715,0.01,0.0214,0.115797,0.01,0.1,0.202521,0.12,0.00024,0.504029,0.003,0.1,1.81809,0.03,0.064,0.923126,0.1,0.021,0.18181,0.009,0.0429,0.227547,1,0.03,3.58105,1,0.01,0.246558,0.06,0.2,4.11414,1,0.05,4.01677,0.3,0.006,3.75805,0.003,0.05,0.101431
14,94.9714,10.2792,49.6427,17.5557,24.9387,103.864,4.84786,580.16,-0.0126483,2.69203,-0.0756146,30.716,-2.8152,50.2033,-4.20757,4.62581,0.180338,32.4904,3.6511,0.159697,-0.0126483,0.223627,-0.0333548,1.19554,0.0980418,0.75371,-0.00190536,4.75057,0.103493,12.9299,0.272644,1.20505,-0.032789,4.23577,-0.207609,4.09415,-0.182738,16.6088,-0.0245657,4.42168,-0.333652,1.71227,0.181932,18.6322,2.18366,22.6806,1.00136,44.9307,-6.20096,37.6128,3.46364,3.77955,-0.741098,0.003,0.06,0.0126483,0.01,0.06,-3.66463e-05,0.03,0.0045,0.00186871,0.0015,0.0001,-0.00757124,0.09,0.6,6.20096,6,0.06,6.23375,0.3,0.0009,4.92467,0.003,0.1,1.10689,0.3,0.0009,1.24202,0.01,0.0214,0.0724783,0.01,0.1,0.17315,0.12,0.00024,0.481978,0.003,0.1,1.60273,0.03,0.064,0.661085,0.1,0.021,0.141707,0.009,0.0429,0.226762,1,0.03,3.6511,1,0.01,0.206505,0.06,0.2,4.20757,1,0.05,4.10408,0.3,0.006,3.83143,0.003,0.05,0.0980052
15,95.3519,9.9707,52.2844,18.0185,24.4814,109.996,4.65545,580.148,-0.0108576,2.6007,-0.10442,28.0696,-2.48136,45.9479,-4.30345,4.80834,0.184824,36.1773,3.72302,0.147977,-0.0108576,0.194343,-0.0256018,1.29478,0.100462,0.750482,-0.0042072,4.85632,0.107637,13.2101,0.28797,1.16955,-0.0384423,4.02046,-0.221822,3.90497,-0.194206,16.5559,-0.0840887,4.11148,-0.288359,1.91329,0.221907,20.7774,2.09636,23.5816,0.809197,38.8348,-5.98548,41.1553,3.61849,3.16228,-0.506364,0.003,0.06,0.0108576,0.01,0.06,-0.0040843,0.03,0.0045,0.000122892,0.0015,0.0001,-0.00497536,0.09,0.6,5.98548,6,0.06,6.02393,0.3,0.0009,4.89591,0.003,0.1,0.992111,0.3,0.0009,1.17036,0.01,0.0214,0.043572,0.01,0.1,0.149608,0.12,0.00024,0.457768,0.003,0.1,1.3879,0.03,0.064,0.461901,0.1,0.021,0.110472,0.009,0.0429,0.21999,1,0.03,3.72302,1,0.01,0.17521,0.06,0.2,4.30345,1,0.05,4.19581,0.3,0.006,3.90784,0.003,0.05,0.0963773
16,95.6764,9.64515,54.6246,18.5011,23.937,115.901,4.45398,580.138,-0.00941429,2.48801,-0.118815,25.7448,-2.17282,41.5966,-4.39884,4.99553,0.189525,39.9373,3.79741,0.137866,-0.00941429,0.171795,-0.0197478,1.39665,0.103465,0.745921,-0.00463278,4.96497,0.10915,13.5056,0.302758,1.12765,-0.0456217,3.79452,-0.228896,3.70806,-0.198697,16.4344,-0.162109,3.84217,-0.251472,2.16037,0.274774,22.8072,1.95586,24.3149,0.664535,32.9716,-5.73419,44.8417,3.74912,2.74317,-0.342389,0.003,0.06,0.00941429,0.01,0.06,-0.0064427,0.03,0.0045,-0.00180992,0.0015,0.0001,-0.00333023,0.09,0.6,5.73419,6,0.06,5.77981,0.3,0.0009,4.84314,0.003,0.1,0.889853,0.3,0.0009,1.09401,0.01,0.0214,0.0247376,0.01,0.1,0.130443,0.12,0.00024,0.43236,0.003,0.1,1.18261,0.03,0.064,0.320764,0.1,0.021,0.0885893,0.009,0.0429,0.208925,1,0.03,3.79741,1,0.01,0.150191,0.06,0.2,4.39884,1,0.05,4.28969,0.3,0.006,3.98693,0.003,0.05,0.0970224
17,95.9557,9.31793,56.675,19.002,23.2991,121.541,4.2508,580.129,-0.00823318,2.36678,-0.122089,23.7143,-1.89329,37.1519,-4.48909,5.18718,0.193599,43.7729,3.87399,0.129062,-0.00823318,0.154438,-0.0151298,1.50225,0.1081,0.74173,-0.00351404,5.07326,0.106578,13.8148,0.314925,1.07767,-0.0546232,3.56487,-0.229385,3.50907,-0.198669,16.2252,-0.259844,3.6064,-0.221002,2.46903,0.34618,24.6779,1.78163,24.9231,0.557225,27.3814,-5.43789,48.6408,3.84156,2.45932,-0.232953,0.003,0.06,0.00823318,0.01,0.06,-0.00755853,0.03,0.0045,-0.0040445,0.0015,0.0001,-0.00228194,0.09,0.6,5.43789,6,0.06,5.49251,0.3,0.0009,4.75946,0.003,0.1,0.797817,0.3,0.0009,1.01462,0.01,0.0214,0.0125776,0.01,0.1,0.114618,0.12,0.00024,0.40632,0.003,0.1,0.992653,0.03,0.064,0.225652,0.1,0.021,0.0747465,0.009,0.0429,0.195073,1,0.03,3.87399,1,0.01,0.129747,0.06,0.2,4.48909,1,0.05,4.38252,0.3,0.006,4.06759,0.003,0.05,0.100541
18,96.1976,9.00239,58.4523,19.5158,22.5569,126.868,4.05103,580.121,-0.00725293,2.24633,-0.117826,21.9482,-1.64387,32.6227,-4.56632,5.38219,0.196052,47.6857,3.95162,0.121333,-0.00725293,0.141277,-0.0112884,1.61379,0.115556,0.739334,-0.00106627,5.17584,0.0971536,14.1336,0.321489,1.0176,-0.0658855,3.33757,-0.224408,3.31169,-0.195688,15.9076,-0.37912,3.39852,-0.19549,2.86175,0.444629,26.365,1.59108,25.438,0.476223,22.1146,-5.08524,52.5078,3.88304,2.26459,-0.161643,0.003,0.06,0.00725293,0.01,0.06,-0.00781429,0.03,0.0045,-0.00674801,0.0015,0.0001,-0.00160087,0.09,0.6,5.08524,6,0.06,5.15112,0.3,0.0009,4.63704,0.003,0.1,0.713671,0.3,0.0009,0.933367,0.01,0.0214,0.00471209,0.01,0.1,0.101372,0.12,0.00024,0.379932,0.003,0.1,0.820855,0.03,0.064,0.163144,0.1,0.021,0.066853,0.009,0.0429,0.179532,1,0.03,3.95162,1,0.01,0.11266,0.06,0.2,4.56632,1,0.05,4.46916,0.3,0.006,4.14767,0.003,0.05,0.107741
19,96.4079,8.71062,59.9758,20.0326,21.6948,131.821,3.85838,580.115,-0.00642824,2.13262,-0.109064,20.4167,-1.4238,28.028,-4.61697,5.57827,0.195445,51.6757,4.028,0.114504,-0.00642824,0.13172,-0.00787079,1.73477,0.127252,0.740023,0.00266542,5.26368,0.0760091,14.4543,0.31752,0.944969,-0.0798408,3.11747,-0.215191,3.11835,-0.190725,15.459,-0.522372,3.21414,-0.173841,3.37145,0.582687,27.8588,1.39654,25.8812,0.412319,17.2343,-4.66243,56.3859,3.8617,2.1278,-0.115196,0.003,0.06,0.00642824,0.01,0.06,-0.00748895,0.03,0.0045,-0.0101544,0.0015,0.0001,-0.00114534,0.09,0.6,4.66243,6,0.06,4.74227,0.3,0.0009,4.46659,0.003,0.1,0.635118,0.3,0.0009,0.850708,0.01,0.0214,-0.00039939,0.01,0.1,0.0901347,0.12,0.00024,0.353261,0.003,0.1,0.667771,0.03,0.064,0.121939,0.1,0.021,0.0628799,0.009,0.0429,0.162935,1,0.03,4.028,1,0.01,0.0980055,0.06,0.2,4.61697,1,0.05,4.54097,0.3,0.006,4.22345,0.003,0.05,0.119764
20,96.5907,8.45444,61.2642,20.5337,20.693,136.325,3.67585,580.108,-0.00572472,2.02897,-0.0979683,19.0914,-1.23135,23.4051,-4.61798,5.77131,0.189488,55.7399,4.09911,0.108436,-0.00572472,0.125497,-0.0045692,1.8703,0.144992,0.74514,0.00783102,5.32125,0.0348579,14.7624,0.294524,0.856956,-0.096658,2.90829,-0.202668,2.93071,-0.184365,14.8541,-0.691912,3.04983,-0.155206,4.04629,0.778432,29.1591,1.20474,26.2661,0.358796,12.8184,-4.15384,60.2064,3.76591,2.02905,-0.0842934,0.003,0.06,0.00572472,0.01,0.06,-0.00675894,0.03,0.0045,-0.01459,0.0015,0.0001,-0.000830287,0.09,0.6,4.15384,6,0.06,4.2505,0.3,0.0009,4.23696,0.003,0.1,0.559925,0.3,0.0009,0.766299,0.01,0.0214,-0.0037064,0.01,0.1,0.0804651,0.12,0.00024,0.326178,0.003,0.1,0.532366,0.03,0.064,0.0939285,0.1,0.021,0.0613102,0.009,0.0429,0.145519,1,0.03,4.09911,1,0.01,0.0850343,0.06,0.2,4.61798,1,0.05,4.58313,0.3,0.006,4.2886,0.003,0.05,0.138233
21,96.7487,8.24693,62.3337,20.9866,19.5296,140.289,3.50627,580.103,-0.00511536,1.937,-0.085891,17.9455,-1.06455,18.8211,-4.53141,5.95426,0.174499,59.87,4.15816,0.103023,-0.00511536,0.122643,-0.00108282,2.02755,0.171118,0.75628,0.0147879,5.32242,-0.0393931,15.0323,0.238142,0.750868,-0.115748,2.71311,-0.187176,2.74999,-0.176896,14.0665,-0.887029,2.90295,-0.138898,4.95535,1.05528,30.2699,1.01766,26.6007,0.310946,8.96,-3.54547,63.8889,3.58371,1.95605,-0.0629468,0.003,0.06,0.00511536,0.01,0.06,-0.005717,0.03,0.0045,-0.0205049,0.0015,0.0001,-0.000604727,0.09,0.6,3.54547,6,0.06,3.66122,0.3,0.0009,3.93502,0.003,0.1,0.48598,0.3,0.0009,0.678936,0.01,0.0214,-0.00577994,0.01,0.1,0.0720069,0.12,0.00024,0.298363,0.003,0.1,0.412567,0.03,0.064,0.073839,0.1,0.021,0.0612562,0.009,0.0429,0.127247,1,0.03,4.15816,1,0.01,0.0730897,0.06,0.2,4.53141,1,0.05,4.5708,0.3,0.006,4.33266,0.003,0.05,0.165401
22,96.8834,8.10415,63.1966,21.3356,18.1871,143.613,3.35278,580.098,-0.004578,1.85725,-0.0736172,16.9543,-0.921672,14.3902,-4.30064,6.11545,0.14486,64.0486,4.19399,0.0981818,-0.004578,0.123492,0.00288268,2.21629,0.208494,0.775496,0.0240876,5.22564,-0.163999,15.2201,0.125788,0.62564,-0.134138,2.53508,-0.168226,2.57729,-0.168294,13.0747,-1.0973,2.77145,-0.124343,6.19144,1.43517,31.1955,0.833916,26.8887,0.265312,5.76172,-2.83522,67.3413,3.30395,1.90121,-0.0474882,0.003,0.06,0.004578,0.01,0.06,-0.00439336,0.03,0.0045,-0.028481,0.0015,0.0001,-0.000437497,0.09,0.6,2.83522,6,0.06,2.96936,0.3,0.0009,3.54717,0.003,0.1,0.41151,0.3,0.0009,0.586693,0.01,0.0214,-0.00695672,0.01,0.1,0.0644603,0.12,0.00024,0.269319,0.003,0.1,0.305624,0.03,0.064,0.0584008,0.1,0.021,0.062408,0.009,0.0429,0.107982,1,0.03,4.19399,1,0.01,0.0615777,0.06,0.2,4.30064,1,0.05,4.46464,0.3,0.006,4.33885,0.003,0.05,0.2041
23,96.995,8.04682,63.8611,21.4919,16.6695,146.201,3.21935,580.094,-0.00409379,1.78966,-0.0616498,16.0946,-0.801427,10.2905,-3.85838,6.23663,0.0931775,68.2445,4.18929,0.0938496,-0.00409379,0.128638,0.00752654,2.44921,0.259823,0.805449,0.0363612,4.97301,-0.351871,15.2553,-0.0722227,0.485114,-0.144733,2.37826,-0.144468,2.41391,-0.158163,11.8773,-1.29012,2.65385,-0.111037,7.85993,1.91543,31.9378,0.650366,27.1311,0.219159,3.31411,-2.05331,70.4624,2.92127,1.85986,-0.0357071,0.003,0.06,0.00409379,0.01,0.06,-0.00277523,0.03,0.0045,-0.0391364,0.0015,0.0001,-0.00030887,0.09,0.6,2.05331,6,0.06,2.19805,0.3,0.0009,3.06476,0.003,0.1,0.335658,0.3,0.0009,0.487551,0.01,0.0214,-0.00742539,0.01,0.1,0.0575653,0.12,0.00024,0.238489,0.003,0.1,0.208413,0.03,0.064,0.0455989,0.1,0.021,0.0649293,0.009,0.0429,0.0877515,1,0.03,4.18929,1,0.01,0.0500388,0.06,0.2,3.85838,1,0.05,4.21025,0.3,0.006,4.28247,0.003,0.05,0.257047
24,97.0835,8.10019,64.3318,21.3311,15.0319,148.007,3.11106,580.09,-0.00364661,1.7337,-0.0504481,15.3444,-0.702443,6.75771,-3.1669,6.29218,0.0128749,72.4057,4.12001,0.0899819,-0.00364661,0.138731,0.012705,2.74082,0.325639,0.849338,0.0519639,4.50553,-0.586683,15.0389,-0.379303,0.342296,-0.137003,2.2483,-0.114266,2.26173,-0.14574,10.5218,-1.4002,2.5491,-0.0985657,10.033,2.42399,32.4955,0.464799,27.3262,0.170496,1.65104,-1.28546,73.1531,2.44738,1.82902,-0.0262721,0.003,0.06,0.00364661,0.01,0.06,-0.000829963,0.03,0.0045,-0.0527938,0.0015,0.0001,-0.000205969,0.09,0.6,1.28546,6,0.06,1.42247,0.3,0.0009,2.496,0.003,0.1,0.259521,0.3,0.0009,0.381066,0.01,0.0214,-0.00727892,0.01,0.1,0.0511062,0.12,0.00024,0.205608,0.003,0.1,0.117907,0.03,0.064,0.034175,0.1,0.021,0.0692868,0.009,0.0429,0.067147,1,0.03,4.12001,1,0.01,0.0384012,0.06,0.2,3.1669,1,0.05,3.75359,0.3,0.006,4.13289,0.003,0.05,0.324809
25,97.149,8.28953,64.614,20.7179,13.4068,149.086,3.03378,580.087,-0.00322451,1.68834,-0.0405212,14.6836,-0.621769,4.01959,-2.29186,6.25302,-0.0949557,76.454,3.9594,0.0865481,-0.00322451,0.153962,0.0175992,3.10378,0.401085,0.910319,0.0703438,3.8085,-0.793399,14.4649,-0.779182,0.21908,-0.105963,2.15197,-0.0774596,2.12346,-0.130244,9.13134,-1.349,2.45653,-0.0866737,12.6612,2.79116,32.8675,0.279733,27.4711,0.118832,0.695112,-0.660635,75.3405,1.92473,1.80679,-0.0184104,0.003,0.06,0.00322451,0.01,0.06,0.00145968,0.03,0.0045,-0.0688842,0.0015,0.0001,-0.000120504,0.09,0.6,0.660635,6,0.06,0.766598,0.3,0.0009,1.88089,0.003,0.1,0.187045,0.3,0.0009,0.271065,0.01,0.0214,-0.00656036,0.01,0.1,0.0449491,0.12,0.00024,0.171339,0.003,0.1,0.0320585,0.03,0.064,0.0233905,0.1,0.021,0.0758975,0.009,0.0429,0.0476551,1,0.03,3.9594,1,0.01,0.0273499,0.06,0.2,2.29186,1,0.05,3.08526,0.3,0.006,3.86444,0.003,0.05,0.402545
26,97.1942,8.62939,64.7186,19.5764,11.9831,149.615,2.99261,580.084,-0.00282278,1.65209,-0.0322968,14.0966,-0.553589,2.17087,-1.4265,6.09845,-0.213741,80.2879,3.68982,0.0835262,-0.00282278,0.173357,0.0207832,3.54235,0.474503,0.99033,0.0896069,2.96484,-0.864446,13.478,-1.18513,0.134291,-0.0635274,2.09443,-0.0376477,2.00228,-0.111667,7.88639,-1.1142,2.37556,-0.0753719,15.5042,2.83083,33.0584,0.10499,27.5635,0.0661005,0.250547,-0.269035,77.0102,1.42499,1.79181,-0.0117434,0.003,0.06,0.00282278,0.01,0.06,0.00405229,0.03,0.0045,-0.0855546,0.0015,0.0001,-4.77163e-05,0.09,0.6,0.269035,6,0.06,0.332562,0.3,0.0009,1.29133,0.003,0.1,0.124071,0.3,0.0009,0.16704,0.01,0.0214,-0.00532061,0.01,0.1,0.0390973,0.12,0.00024,0.13771,0.003,0.1,-0.0490853,0.03,0.064,0.012964,0.1,0.021,0.0845731,0.009,0.0429,0.031363,1,0.03,3.68982,1,0.01,0.0183142,0.06,0.2,1.4265,1,0.05,2.29094,0.3,0.006,3.47607,0.003,0.05,0.478555
27,97.2245,9.11233,64.6659,17.9668,10.9134,149.825,2.98964,580.081,-0.0024461,1.62313,-0.0259042,13.5747,-0.490719,1.09555,-0.768622,5.83174,-0.314082,83.7991,3.31776,0.0808943,-0.0024461,0.194566,0.0211296,4.0474,0.531978,1.08893,0.107093,2.13856,-0.763186,12.135,-1.47187,0.0889502,-0.0297568,2.07529,-0.00198065,1.90071,-0.09138,6.93744,-0.777307,2.30549,-0.0649466,18.1999,2.50898,33.0856,-0.0454367,27.6043,0.01635,0.0861225,-0.0876981,78.2216,1.01721,1.78295,-0.00615912,0.003,0.06,0.0024461,0.01,0.06,0.00682696,0.03,0.0045,-0.100266,0.0015,0.0001,1.44125e-05,0.09,0.6,0.0876981,6,0.06,0.117455,0.3,0.0009,0.799967,0.003,0.1,0.0749916,0.3,0.0009,0.0806461,0.01,0.0214,-0.00367384,0.01,0.1,0.0336964,0.12,0.00024,0.10751,0.003,0.1,-0.123062,0.03,0.064,0.0030204,0.1,0.021,0.0941799,0.009,0.0429,0.0198034,1,0.03,3.31776,1,0.01,0.0125667,0.06,0.2,0.768622,1,0.05,1.53181,0.3,0.006,3.00368,0.003,0.05,0.538805
28,97.2467,9.70749,64.4839,16.0845,10.2312,149.895,3.02255,580.079,-0.00210572,1.59972,-0.0211704,13.115,-0.42858,0.544413,-0.373951,5.48496,-0.371147,86.9007,2.87794,0.0786219,-0.00210572,0.214698,0.0187597,4.5981,0.565149,1.20322,0.120742,1.47047,-0.566545,10.5995,-1.5663,0.0693417,-0.011826,2.08684,0.0229559,1.81933,-0.0716469,6.325,-0.458456,2.24525,-0.0557776,20.4516,1.97611,32.9792,-0.161181,27.5986,-0.0262688,0.0360358,-0.024724,79.0857,0.731147,1.77913,-0.00165591,0.003,0.06,0.00210572,0.01,0.06,0.00961288,0.03,0.0045,-0.111129,0.0015,0.0001,6.62568e-05,0.09,0.6,0.024724,6,0.06,0.03655,0.3,0.0009,0.441818,0.003,0.1,0.0401735,0.3,0.0009,0.0190238,0.01,0.0214,-0.00180616,0.01,0.1,0.0289417,0.12,0.00024,0.0828556,0.003,0.1,-0.186289,0.03,0.064,-0.00608455,0.1,0.021,0.10304,0.009,0.0429,0.0130149,1,0.03,2.87794,1,0.01,0.010182,0.06,0.2,0.373951,1,0.05,0.940496,0.3,0.006,2.5068,0.003,0.05,0.574762
29,97.2668,10.3719,64.2039,14.1658,9.86506,149.916,3.08547,580.077,-0.00181216,1.58034,-0.0177961,12.7173,-0.367136,0.28241,-0.174653,5.10581,-0.379748,89.5488,2.41934,0.0766671,-0.00181216,0.231568,0.0148379,5.16958,0.574151,1.3289,0.129866,1.00293,-0.375281,9.06001,-1.48966,0.06181,-0.00438999,2.11686,0.0350114,1.75657,-0.0544021,5.99164,-0.224023,2.19344,-0.0480977,22.1451,1.41884,32.7755,-0.240233,27.5549,-0.059461,0.0221057,-0.00697193,79.7206,0.554469,1.77928,0.00179295,0.003,0.06,0.00181216,0.01,0.06,0.0122476,0.03,0.0045,-0.117619,0.0015,0.0001,0.000107744,0.09,0.6,0.00697193,6,0.06,0.0113619,0.3,0.0009,0.208615,0.003,0.1,0.016907,0.3,0.0009,-0.0181787,0.01,0.0214,7.42248e-05,0.01,0.1,0.0249549,0.12,0.00024,0.064339,0.003,0.1,-0.236062,0.03,0.064,-0.0140071,0.1,0.021,0.109793,0.009,0.0429,0.00986262,1,0.03,2.41934,1,0.01,0.010117,0.06,0.2,0.174653,1,0.05,0.549934,0.3,0.006,2.03959,0.003,0.05,0.586398
30,97.2879,11.0644,63.8549,12.3907,9.70996,149.923,3.17095,580.075,-0.00156952,1.56378,-0.0154641,12.3796,-0.309064,0.159646,-0.0829723,4.73761,-0.352073,91.7477,1.98518,0.0749805,-0.00156952,0.244285,0.0106311,5.74014,0.564383,1.46157,0.134861,0.701931,-0.236302,7.65313,-1.31383,0.0590966,-0.00147087,2.15326,0.0363122,1.70938,-0.0405606,5.84732,-0.0777196,2.14856,-0.0418995,23.3181,0.945432,32.5094,-0.287343,27.4829,-0.0831245,0.017977,-0.00226922,80.2207,0.456176,1.7824,0.00428833,0.003,0.06,0.00156952,0.01,0.06,0.0146176,0.03,0.0045,-0.120243,0.0015,0.0001,0.000139139,0.09,0.6,0.00226922,6,0.06,0.00374009,0.3,0.0009,0.0706599,0.003,0.1,0.0018368,0.3,0.0009,-0.0362742,0.01,0.0214,0.00179879,0.01,0.1,0.0217345,0.12,0.00024,0.0513223,0.003,0.1,-0.271635,0.03,0.064,-0.0205656,0.1,0.021,0.113881,0.009,0.0429,0.00896298,1,0.03,1.98518,1,0.01,0.0111034,0.06,0.2,0.0829723,1,0.05,0.319275,0.3,0.006,1.63311,0.003,0.05,0.579001
31,97.3113,11.7533,63.4619,10.8508,9.67573,149.925,3.27182,580.074,-0.00137486,1.54917,-0.0138698,12.0971,-0.257057,0.0999591,-0.0417938,4.40787,-0.305605,93.5363,1.60179,0.0735121,-0.00137486,0.253002,0.00692427,6.29426,0.542301,1.59752,0.136564,0.512954,-0.149015,6.4429,-1.10537,0.0583239,-0.000241834,2.18719,0.0307222,1.6743,-0.0301497,5.81424,0.00267655,2.10921,-0.0369996,24.074,0.584777,32.209,-0.309982,27.3914,-0.0985285,0.0165424,-0.000847358,80.649,0.406351,1.78759,0.0059837,0.003,0.06,0.00137486,0.01,0.06,0.0166644,0.03,0.0045,-0.1199,0.0015,0.0001,0.000161276,0.09,0.6,0.000847358,6,0.06,0.00108919,0.3,0.0009,-0.00311323,0.003,0.1,-0.00771173,0.3,0.0009,-0.0417019,0.01,0.0214,0.00326796,0.01,0.1,0.0191872,0.12,0.00024,0.0426552,0.003,0.1,-0.294035,0.03,0.064,-0.0257548,0.1,0.021,0.115429,0.009,0.0429,0.00923761,1,0.03,1.60179,1,0.01,0.012263,0.06,0.2,0.0417938,1,0.05,0.190809,0.3,0.006,1.29618,0.003,0.05,0.558965
32,97.3368,12.418,63.0448,9.56758,9.70028,149.926,3.38198,580.072,-0.00122099,1.53589,-0.0127507,11.863,-0.21253,0.0688191,-0.0228358,4.12795,-0.254267,94.9715,1.27881,0.0722172,-0.00122099,0.258398,0.00400256,6.82242,0.51321,1.73389,0.135836,0.392089,-0.0972718,5.43963,-0.904433,0.0583867,0.000290974,2.21361,0.0218097,1.64809,-0.0227249,5.83858,0.0405638,2.07421,-0.0331463,24.5217,0.325901,31.8951,-0.315443,27.288,-0.107407,0.0160079,-0.00029669,81.0422,0.383207,1.79415,0.00704676,0.003,0.06,0.00122099,0.01,0.06,0.0183711,0.03,0.0045,-0.117465,0.0015,0.0001,0.000175429,0.09,0.6,0.00029669,6,0.06,5.7154e-06,0.3,0.0009,-0.0369899,0.003,0.1,-0.0135718,0.3,0.0009,-0.039828,0.01,0.0214,0.00444645,0.01,0.1,0.0171836,0.12,0.00024,0.037175,0.003,0.1,-0.305304,0.03,0.064,-0.0296889,0.1,0.021,0.114893,0.009,0.0429,0.0100036,1,0.03,1.27881,1,0.01,0.0131811,0.06,0.2,0.0228358,1,0.05,0.120108,0.3,0.006,1.02454,0.003,0.05,0.531581
33,97.3638,13.0468,62.6187,8.52377,9.74565,149.925,3.49668,580.071,-0.00109953,1.52357,-0.0119099,11.6695,-0.175621,0.0511143,-0.0136193,3.89823,-0.206099,96.1137,1.01482,0.0710593,-0.00109953,0.261266,0.00185323,7.31959,0.480814,1.86862,0.133391,0.311461,-0.0665651,4.62554,-0.728539,0.058796,0.000488409,2.23055,0.0120834,1.62805,-0.0176892,5.88705,0.0532976,2.04265,-0.0300953,24.7522,0.146463,31.5819,-0.309643,27.1782,-0.111425,0.0158543,-4.10233e-05,81.4196,0.372929,1.80153,0.00763273,0.003,0.06,0.00109953,0.01,0.06,0.019747,0.03,0.0045,-0.113644,0.0015,0.0001,0.000183064,0.09,0.6,4.10233e-05,6,0.06,-0.000447386,0.3,0.0009,-0.0476683,0.003,0.1,-0.0169574,0.3,0.0009,-0.0343843,0.01,0.0214,0.00534355,0.01,0.1,0.0155974,0.12,0.00024,0.0339134,0.003,0.1,-0.307799,0.03,0.064,-0.0325402,0.1,0.021,0.112798,0.009,0.0429,0.0108807,1,0.03,1.01482,1,0.01,0.0137442,0.06,0.2,0.0136193,1,0.05,0.0801844,0.3,0.006,0.808723,0.003,0.05,0.500561
34,97.3915,13.6341,62.1945,7.68622,9.79074,149.925,3.61239,580.07,-0.00100276,1.51202,-0.0112182,11.5094,-0.145663,0.0401457,-0.00880314,3.71354,-0.164503,97.0186,0.802979,0.0700099,-0.00100276,0.262318,0.000344065,7.78374,0.447472,2.00029,0.129778,0.255077,-0.0476395,3.97269,-0.582033,0.0593068,0.000513239,2.238,0.00300908,1.61211,-0.0144593,5.94063,0.0522548,2.01382,-0.027643,24.8339,0.0250844,31.2781,-0.296945,27.0663,-0.111973,0.0158833,8.39875e-05,81.7897,0.367516,1.8093,0.00787224,0.003,0.06,0.00100276,0.01,0.06,0.0208143,0.03,0.0045,-0.108963,0.0015,0.0001,0.000185623,0.09,0.6,-8.39875e-05,6,0.06,-0.000597226,0.3,0.0009,-0.0458533,0.003,0.1,-0.0186803,0.3,0.0009,-0.0276825,0.01,0.0214,0.00599311,0.01,0.1,0.0143229,0.12,0.00024,0.032134,0.003,0.1,-0.303757,0.03,0.064,-0.034494,0.1,0.021,0.109613,0.009,0.0429,0.0116816,1,0.03,0.802979,1,0.01,0.0139788,0.06,0.2,0.00880314,1,0.05,0.0564427,0.3,0.006,0.638476,0.003,0.05,0.468286
35,97.4195,14.1783,61.78,7.01902,9.82506,149.924,3.72663,580.069,-0.000924398,1.50111,-0.0106006,11.3762,-0.121637,0.0328257,-0.00607491,3.56679,-0.130177,97.7341,0.634765,0.0690476,-0.000924398,0.262117,-0.000677779,8.2147,0.414602,2.12792,0.125396,0.214007,-0.0353201,3.45223,-0.463193,0.0597944,0.000452696,2.23702,-0.00471237,1.5987,-0.0125334,5.98934,0.0444477,1.98721,-0.0256326,24.816,-0.0551835,30.9892,-0.280384,26.9551,-0.110131,0.0160001,0.000141379,82.1548,0.362719,1.81719,0.00786888,0.003,0.06,0.000924398,0.01,0.06,0.0216013,0.03,0.0045,-0.103795,0.0015,0.0001,0.000184393,0.09,0.6,-0.000141379,6,0.06,-0.000594076,0.3,0.0009,-0.0380796,0.003,0.1,-0.019294,0.3,0.0009,-0.0210203,0.01,0.0214,0.00643873,0.01,0.1,0.0132785,0.12,0.00024,0.0313039,0.003,0.1,-0.295088,0.03,0.064,-0.0357245,0.1,0.021,0.10571,0.009,0.0429,0.0123317,1,0.03,0.634765,1,0.01,0.0139563,0.06,0.2,0.00607491,1,0.05,0.041395,0.3,0.006,0.504588,0.003,0.05,0.436204
36,97.4472,14.6801,61.3804,6.48931,9.84451,149.924,3.83766,580.068,-0.000859637,1.49081,-0.010018,11.2645,-0.102462,0.0276508,-0.00439978,3.45094,-0.102552,98.2999,0.501948,0.0681566,-0.000859637,0.26108,-0.00134556,8.61338,0.383013,2.25092,0.120535,0.183168,-0.0268495,3.03837,-0.368146,0.0602003,0.000355996,2.2291,-0.0108609,1.58674,-0.0115081,6.02867,0.0340014,1.96245,-0.0239482,24.7331,-0.106792,30.718,-0.261989,26.8465,-0.10671,0.0161539,0.000161908,82.5146,0.35655,1.82499,0.00770139,0.003,0.06,0.000859637,0.01,0.06,0.0221378,0.03,0.0045,-0.0983973,0.0015,0.0001,0.000180446,0.09,0.6,-0.000161908,6,0.06,-0.000517904,0.3,0.0009,-0.0281563,0.003,0.1,-0.0191799,0.3,0.0009,-0.0150436,0.01,0.0214,0.00672456,0.01,0.1,0.0124039,0.12,0.00024,0.0310496,0.003,0.1,-0.283329,0.03,0.064,-0.0363833,0.1,0.021,0.101377,0.009,0.0429,0.0128169,1,0.03,0.501948,1,0.01,0.0137495,0.06,0.2,0.00439978,1,0.05,0.0312493,0.3,0.006,0.399395,0.003,0.05,0.405151
37,97.4744,15.1415,60.9987,6.0692,9.84854,149.923,3.94439,580.067,-0.000804949,1.48107,-0.00945351,11.17,-0.0871497,0.0238389,-0.00329468,3.35979,-0.080624,98.7474,0.397362,0.067325,-0.000804949,0.259509,-0.0017629,8.9813,0.353132,2.3689,0.115401,0.159522,-0.0207566,2.70941,-0.292687,0.0605036,0.000250541,2.21581,-0.015484,1.57549,-0.0110733,6.05724,0.0232182,1.93924,-0.0225061,24.609,-0.138582,30.4654,-0.24307,26.742,-0.102302,0.0163173,0.000162411,82.8672,0.348298,1.83256,0.00742781,0.003,0.06,0.000804949,0.01,0.06,0.0224532,0.03,0.0045,-0.0929476,0.0015,0.0001,0.000174636,0.09,0.6,-0.000162411,6,0.06,-0.000412953,0.3,0.0009,-0.018181,0.003,0.1,-0.0186025,0.3,0.0009,-0.010009,0.01,0.0214,0.00689052,0.01,0.1,0.0116555,0.12,0.00024,0.0311162,0.003,0.1,-0.269658,0.03,0.064,-0.0365969,0.1,0.021,0.0968211,0.009,0.0429,0.0131523,1,0.03,0.397362,1,0.01,0.0134184,0.06,0.2,0.00329468,1,0.05,0.0240513,0.3,0.006,0.316738,0.003,0.05,0.375585
38,97.5009,15.565,60.6369,5.73589,9.83846,149.923,4.04615,580.067,-0.00075778,1.47189,-0.00890182,11.0892,-0.0748658,0.0209521,-0.0025224,3.28815,-0.0633417,99.102,0.315088,0.0665442,-0.00075778,0.257612,-0.00200597,9.32028,0.325153,2.48168,0.110139,0.141137,-0.0162275,2.44774,-0.232996,0.0607034,0.000150748,2.19859,-0.0187575,1.56448,-0.0109991,6.07539,0.0132861,1.91737,-0.0212462,24.4604,-0.156741,30.2317,-0.22444,26.6421,-0.0973284,0.0164754,0.000152531,83.2105,0.337935,1.83982,0.00708984,0.003,0.06,0.00075778,0.01,0.06,0.0225756,0.03,0.0045,-0.0875639,0.0015,0.0001,0.000167622,0.09,0.6,-0.000152531,6,0.06,-0.000303278,0.3,0.0009,-0.00921014,0.003,0.1,-0.0177443,0.3,0.0009,-0.00595705,0.01,0.0214,0.00697026,0.01,0.1,0.011002,0.12,0.00024,0.0313344,0.003,0.1,-0.254951,0.03,0.064,-0.0364681,0.1,0.021,0.0921947,0.009,0.0429,0.013365,1,0.03,0.315088,1,0.01,0.013008,0.06,0.2,0.0025224,1,0.05,0.0187499,0.3,0.006,0.251746,0.003,0.05,0.347728
39,97.5264,15.9535,60.2958,5.47111,9.81638,149.923,4.1426,580.066,-0.000716301,1.46326,-0.00836342,11.0195,-0.0649349,0.0187255,-0.00195892,3.23187,-0.0497689,99.3835,0.250363,0.0658076,-0.000716301,0.255537,-0.00212916,9.63226,0.299133,2.58917,0.104854,0.126707,-0.0127855,2.23925,-0.18585,0.0608093,6.33336e-05,2.17867,-0.0209027,1.55343,-0.0111206,6.08428,0.00473285,1.8967,-0.0201256,24.2986,-0.165575,30.0163,-0.206579,26.5474,-0.0920872,0.0166208,0.000137874,83.5425,0.325755,1.84673,0.00671677,0.003,0.06,0.000716301,0.01,0.06,0.0225309,0.03,0.0045,-0.0823236,0.0015,0.0001,0.000159894,0.09,0.6,-0.000137874,6,0.06,-0.000201207,0.3,0.0009,-0.00168816,0.003,0.1,-0.01673,0.3,0.0009,-0.00281802,0.01,0.0214,0.00699075,0.01,0.1,0.010421,0.12,0.00024,0.0315954,0.003,0.1,-0.239839,0.03,0.064,-0.0360785,0.1,0.021,0.0876041,0.009,0.0429,0.0134841,1,0.03,0.250363,1,0.01,0.0125501,0.06,0.2,0.00195892,1,0.05,0.0147444,0.3,0.006,0.200594,0.003,0.05,0.321664
40,97.551,16.3099,59.9755,5.26038,9.78466,149.922,4.23361,580.065,-0.000679199,1.45516,-0.00784102,10.9588,-0.0568272,0.016988,-0.0015357,3.18764,-0.0391253,99.6073,0.199416,0.0651101,-0.000679199,0.253381,-0.00217077,9.91919,0.275047,2.6914,0.0996187,0.115304,-0.0101316,2.07274,-0.148623,0.060835,-9.31575e-06,2.15708,-0.0221422,1.54221,-0.0113238,6.08537,-0.00229065,1.87709,-0.0191137,24.1314,-0.168078,29.8182,-0.189749,26.458,-0.0867826,0.0167506,0.000121625,83.8616,0.312176,1.85325,0.00632877,0.003,0.06,0.000679199,0.01,0.06,0.022343,0.03,0.0045,-0.0772757,0.0015,0.0001,0.000151813,0.09,0.6,-0.000121625,6,0.06,-0.000112309,0.3,0.0009,0.00428616,0.003,0.1,-0.0156439,0.3,0.0009,-0.000474628,0.01,0.0214,0.00697286,0.01,0.1,0.00989642,0.12,0.00024,0.0318327,0.003,0.1,-0.224767,0.03,0.064,-0.0354928,0.1,0.021,0.0831226,0.009,0.0429,0.0135361,1,0.03,0.199416,1,0.01,0.0120672,0.06,0.2,0.0015357,1,0.05,0.0116673,0.3,0.006,0.160291,0.003,0.05,0.29739
41,97.5747,16.6368,59.6756,5.09225,9.74559,149.922,4.31922,580.064,-0.000645531,1.44757,-0.00733772,10.9054,-0.0501341,0.0156214,-0.00121143,3.15285,-0.0307822,99.7859,0.159275,0.064448,-0.000645531,0.251213,-0.00215753,10.183,0.252824,2.78845,0.0944831,0.106248,-0.00806648,1.9394,-0.119215,0.0607955,-6.72651e-05,2.13462,-0.0226773,1.53078,-0.0115331,6.08019,-0.00783596,1.85844,-0.018188,23.9639,-0.166338,29.6364,-0.174073,26.3738,-0.0815517,0.0168641,0.000105573,84.1665,0.297632,1.85938,0.00593939,0.003,0.06,0.000645531,0.01,0.06,0.0220337,0.03,0.0045,-0.0724494,0.0015,0.0001,0.000143634,0.09,0.6,-0.000105573,6,0.06,-3.83076e-05,0.3,0.0009,0.00879606,0.003,0.1,-0.0145418,0.3,0.0009,0.0012033,0.01,0.0214,0.00693215,0.01,0.1,0.00941674,0.12,0.00024,0.0320087,0.003,0.1,-0.210038,0.03,0.064,-0.0347616,0.1,0.021,0.0787988,0.009,0.0429,0.0135434,1,0.03,0.159275,1,0.01,0.0115743,0.06,0.2,0.00121143,1,0.05,0.00927791,0.3,0.006,0.128493,0.003,0.05,0.274857
42,97.5973,16.9369,59.3956,4.95774,9.7012,149.922,4.39957,580.064,-0.000614614,1.44048,-0.00685618,10.8581,-0.0445443,0.0145411,-0.000959804,3.12547,-0.0242415,99.9287,0.127611,0.0638182,-0.000614614,0.249078,-0.00210813,10.4254,0.232364,2.88042,0.0894832,0.0990226,-0.00644945,1.83227,-0.0959602,0.060705,-0.000111773,2.11191,-0.0226801,1.51916,-0.0117016,6.07014,-0.0120532,1.84069,-0.0173324,23.7996,-0.161809,29.4697,-0.159582,26.2948,-0.0764829,0.0169621,9.06408e-05,84.4566,0.282521,1.86513,0.00555749,0.003,0.06,0.000614614,0.01,0.06,0.0216228,0.03,0.0045,-0.0678605,0.0015,0.0001,0.000135538,0.09,0.6,-9.06408e-05,6,0.06,2.11323e-05,0.3,0.0009,0.0120103,0.003,0.1,-0.0134595,0.3,0.0009,0.00234079,0.01,0.0214,0.00687986,0.01,0.1,0.00897349,0.12,0.00024,0.032105,0.003,0.1,-0.195847,0.03,0.064,-0.0339246,0.1,0.021,0.0746633,0.009,0.0429,0.0135235,1,0.03,0.127611,1,0.01,0.0110816,0.06,0.2,0.000959804,1,0.05,0.00740925,0.3,0.006,0.103369,0.003,0.05,0.253987
43,97.619,17.2125,59.1344,4.84977,9.65325,149.922,4.47486,580.063,-0.000585948,1.43385,-0.0063983,10.816,-0.0398215,0.0136837,-0.000762872,3.1039,-0.0191117,100.043,0.1026,0.0632181,-0.000585948,0.247005,-0.00203554,10.6483,0.213558,2.96747,0.0846428,0.0932343,-0.0051779,1.74587,-0.0775473,0.0605759,-0.000144609,2.08939,-0.0222922,1.5074,-0.0118028,6.05647,-0.0151306,1.82376,-0.016535,23.6409,-0.15551,29.3169,-0.146256,26.2208,-0.0716305,0.017046,7.7252e-05,84.7315,0.267179,1.8705,0.00518869,0.003,0.06,0.000585948,0.01,0.06,0.0211279,0.03,0.0045,-0.063515,0.0015,0.0001,0.000127646,0.09,0.6,-7.7252e-05,6,0.06,6.73571e-05,0.3,0.0009,0.0141274,0.003,0.1,-0.0124189,0.3,0.0009,0.00304946,0.01,0.0214,0.00682382,0.01,0.1,0.00856047,0.12,0.00024,0.032116,0.003,0.1,-0.182318,0.03,0.064,-0.0330127,0.1,0.021,0.0707338,0.009,0.0429,0.0134895,1,0.03,0.1026,1,0.01,0.010596,0.06,0.2,0.000762872,1,0.05,0.00594077,0.3,0.006,0.083488,0.003,0.05,0.234686
44,97.6397,17.4658,58.8913,4.76279,9.60319,149.922,4.54534,580.063,-0.000559164,1.42767,-0.00596519,10.7782,-0.0357867,0.0130015,-0.000607883,3.08688,-0.0150864,100.136,0.0828124,0.0626456,-0.000559164,0.245011,-0.00194884,10.8531,0.196292,3.04976,0.0799776,0.0885778,-0.0041746,1.67591,-0.0629435,0.060419,-0.000167659,2.06741,-0.0216268,1.49558,-0.0118242,6.0402,-0.0172602,1.8076,-0.0157869,23.489,-0.148151,29.1768,-0.134042,26.1515,-0.0670245,0.0171172,6.553e-05,84.991,0.25188,1.87551,0.00483632,0.003,0.06,0.000559164,0.01,0.06,0.0205648,0.03,0.0045,-0.0594128,0.0015,0.0001,0.000120037,0.09,0.6,-6.553e-05,6,0.06,0.000102129,0.3,0.0009,0.0153446,0.003,0.1,-0.011433,0.3,0.0009,0.00342454,0.01,0.0214,0.00676926,0.01,0.1,0.00817305,0.12,0.00024,0.0320442,0.003,0.1,-0.169517,0.03,0.064,-0.0320504,0.1,0.021,0.0670184,0.009,0.0429,0.0134507,1,0.03,0.0828124,1,0.01,0.0101219,0.06,0.2,0.000607883,1,0.05,0.00478248,0.3,0.006,0.067726,0.003,0.05,0.216857
45,97.6595,17.6988,58.665,4.69243,9.55218,149.923,4.61126,580.062,-0.000533989,1.42192,-0.00555729,10.7442,-0.0323039,0.0124572,-0.000485466,3.07344,-0.0119258,100.21,0.0671299,0.0620992,-0.000533989,0.243109,-0.0018543,11.0413,0.180452,3.12748,0.0754973,0.0848155,-0.00338074,1.61899,-0.051338,0.0602432,-0.000182726,2.0462,-0.0207726,1.48378,-0.0117635,6.0222,-0.0186217,1.79217,-0.0150816,23.3447,-0.140228,29.0484,-0.122873,26.0866,-0.0626787,0.0171776,5.54357e-05,85.2353,0.236837,1.88018,0.00450219,0.003,0.06,0.000533989,0.01,0.06,0.0199477,0.03,0.0045,-0.0555496,0.0015,0.0001,0.000112761,0.09,0.6,-5.54357e-05,6,0.06,0.00012729,0.3,0.0009,0.0158435,0.003,0.1,-0.010508,0.3,0.0009,0.00354511,0.01,0.0214,0.00671946,0.01,0.1,0.00780778,0.12,0.00024,0.0318965,0.003,0.1,-0.157474,0.03,0.064,-0.0310566,0.1,0.021,0.0635186,0.009,0.0429,0.0134135,1,0.03,0.0671299,1,0.01,0.00966207,0.06,0.2,0.000485466,1,0.05,0.0038662,0.3,0.006,0.0552042,0.003,0.05,0.200399
46,97.6784,17.9132,58.4547,4.63525,9.50114,149.923,4.67289,580.062,-0.000510213,1.41655,-0.00517446,10.7135,-0.0292697,0.0120221,-0.000388536,3.0628,-0.00944236,100.271,0.0546758,0.0615772,-0.000510213,0.241304,-0.00175627,11.2144,0.165926,3.20082,0.0712069,0.0817618,-0.00275099,1.57245,-0.042094,0.0600557,-0.000191423,2.02591,-0.019798,1.47208,-0.0116243,6.00316,-0.0193737,1.77742,-0.0144138,23.2086,-0.132082,28.9307,-0.112671,26.026,-0.0585953,0.0172286,4.68431e-05,85.4648,0.222207,1.88452,0.0041871,0.003,0.06,0.000510213,0.01,0.06,0.0192888,0.03,0.0045,-0.0519181,0.0015,0.0001,0.000105844,0.09,0.6,-4.68431e-05,6,0.06,0.00014458,0.3,0.0009,0.0157827,0.003,0.1,-0.00964638,0.3,0.0009,0.00347536,0.01,0.0214,0.00667629,0.01,0.1,0.00746199,0.12,0.00024,0.0316826,0.003,0.1,-0.146193,0.03,0.064,-0.0300464,0.1,0.021,0.0602315,0.009,0.0429,0.013382,1,0.03,0.0546758,1,0.01,0.00921826,0.06,0.2,0.000388536,1,0.05,0.00313953,0.3,0.006,0.0452335,0.003,0.05,0.185215
47,97.6964,18.1107,58.2593,4.58856,9.45079,149.923,4.73051,580.061,-0.000487677,1.41156,-0.00481614,10.6856,-0.0266042,0.0116734,-0.000311643,3.05438,-0.00748967,100.32,0.044763,0.0610784,-0.000487677,0.239597,-0.00165774,11.3736,0.15261,3.26996,0.0671084,0.0792707,-0.0022501,1.53418,-0.0347116,0.059862,-0.000195137,2.00663,-0.0187547,1.46055,-0.0114142,5.98361,-0.0196515,1.76333,-0.0137796,23.0806,-0.12395,28.8228,-0.10336,25.9694,-0.0547693,0.0172717,3.95888e-05,85.6799,0.208106,1.88856,0.00389114,0.003,0.06,0.000487677,0.01,0.06,0.0185992,0.03,0.0045,-0.0485092,0.0015,0.0001,9.92993e-05,0.09,0.6,-3.95888e-05,6,0.06,0.000155548,0.3,0.0009,0.0152964,0.003,0.1,-0.00884758,0.3,0.0009,0.00326657,0.01,0.0214,0.00664059,0.01,0.1,0.00713365,0.12,0.00024,0.0314131,0.003,0.1,-0.135659,0.03,0.064,-0.0290316,0.1,0.021,0.0571507,0.009,0.0429,0.0133583,1,0.03,0.044763,1,0.01,0.00879139,0.06,0.2,0.000311643,1,0.05,0.00256175,0.3,0.006,0.0372733,0.003,0.05,0.17121
48,97.7136,18.2928,58.0778,4.55022,9.40165,149.923,4.78437,580.061,-0.000466258,1.40691,-0.00448146,10.6602,-0.0242458,0.0113935,-0.000250559,3.04769,-0.00595306,100.361,0.0368525,0.0606015,-0.000466258,0.237988,-0.00156072,11.52,0.140406,3.3351,0.0632012,0.0772279,-0.00185063,1.50253,-0.0287982,0.0596667,-0.000195031,1.98841,-0.0176813,1.44927,-0.0111425,5.96398,-0.0195678,1.74986,-0.013176,22.9606,-0.115989,28.7237,-0.0948645,25.9164,-0.0511912,0.0173081,3.34996e-05,85.8812,0.194609,1.89231,0.00361399,0.003,0.06,0.000466258,0.01,0.06,0.0178882,0.03,0.0045,-0.045313,0.0015,0.0001,9.31275e-05,0.09,0.6,-3.34996e-05,6,0.06,0.000161531,0.3,0.0009,0.0144954,0.003,0.1,-0.0081096,0.3,0.0009,0.00295915,0.01,0.0214,0.00661255,0.01,0.1,0.00682114,0.12,0.00024,0.0310986,0.003,0.1,-0.125845,0.03,0.064,-0.0280216,0.1,0.021,0.0542681,0.009,0.0429,0.0133435,1,0.03,0.0368525,1,0.01,0.00838186,0.06,0.2,0.000250559,1,0.05,0.00210119,0.3,0.006,0.0308994,0.003,0.05,0.158294
49,97.7299,18.4607,57.9093,4.51856,9.35411,149.923,4.83471,580.06,-0.000445855,1.40259,-0.00416938,10.637,-0.0221462,0.0111682,-0.000201976,3.04236,-0.00474279,100.395,0.0305215,0.0601455,-0.000445855,0.236475,-0.00146654,11.6547,0.129219,3.39643,0.0594829,0.0755429,-0.00153107,1.4762,-0.0240457,0.0594729,-0.000192059,1.97127,-0.0166059,1.43828,-0.0108197,5.94457,-0.0192144,1.73697,-0.0126005,22.8485,-0.108303,28.6328,-0.0871118,25.8669,-0.0478489,0.017339,2.84084e-05,86.0694,0.181764,1.8958,0.00335503,0.003,0.06,0.000445855,0.01,0.06,0.0171641,0.03,0.0045,-0.0423188,0.0015,0.0001,8.73229e-05,0.09,0.6,-2.84084e-05,6,0.06,0.000163651,0.3,0.0009,0.0134698,0.003,0.1,-0.00742938,0.3,0.0009,0.0025846,0.01,0.0214,0.0065919,0.01,0.1,0.00652316,0.12,0.00024,0.0307492,0.003,0.1,-0.11672,0.03,0.064,-0.0270237,0.1,0.021,0.0515744,0.009,0.0429,0.0133376,1,0.03,0.0305215,1,0.01,0.00798971,0.06,0.2,0.000201976,1,0.05,0.00173305,0.3,0.006,0.0257787,0.003,0.05,0.146383
50,97.7455,18.6157,57.7528,4.49225,9.30844,149.923,4.88177,580.06,-0.000426392,1.39857,-0.00387872,10.6158,-0.0202669,0.0109863,-0.000163292,3.03812,-0.0037886,100.423,0.0254381,0.0597095,-0.000426392,0.235054,-0.00137607,11.7787,0.118964,3.45413,0.0559498,0.0741448,-0.00127461,1.45414,-0.0202116,0.0592833,-0.000186993,1.95519,-0.0155486,1.42764,-0.0104558,5.92561,-0.0186655,1.72465,-0.0120509,22.7439,-0.100956,28.5493,-0.0800355,25.8206,-0.0447288,0.0173652,2.41616e-05,86.245,0.169597,1.89903,0.00311348,0.003,0.06,0.000426392,0.01,0.06,0.0164339,0.03,0.0045,-0.0395159,0.0015,0.0001,8.18746e-05,0.09,0.6,-2.41616e-05,6,0.06,0.000162831,0.3,0.0009,0.0122914,0.003,0.1,-0.00680338,0.3,0.0009,0.00216717,0.01,0.0214,0.00657807,0.01,0.1,0.00623867,0.12,0.00024,0.0303742,0.003,0.1,-0.108246,0.03,0.064,-0.0260436,0.1,0.021,0.0490594,0.009,0.0429,0.0133403,1,0.03,0.0254381,1,0.01,0.00761473,0.06,0.2,0.000163292,1,0.05,0.0014379,0.3,0.006,0.0216495,0.003,0.05,0.135398
51,97.7604,18.7589,57.6075,4.47025,9.26482,149.924,4.92577,580.059,-0.0004078,1.39482,-0.00360823,10.5964,-0.0185773,0.010839,-0.000132452,3.03472,-0.00303546,100.446,0.0213414,0.0592924,-0.0004078,0.233721,-0.00128979,11.8929,0.109563,3.50839,0.0525973,0.0729771,-0.00106804,1.43553,-0.0171054,0.0590994,-0.000180446,1.94016,-0.0145235,1.41738,-0.0100607,5.90728,-0.0179797,1.71286,-0.0115257,22.6465,-0.0939861,28.4725,-0.0735738,25.7774,-0.0418169,0.0173876,2.06235e-05,86.4088,0.158114,1.90203,0.00288849,0.003,0.06,0.0004078,0.01,0.06,0.0157037,0.03,0.0045,-0.0368936,0.0015,0.0001,7.67688e-05,0.09,0.6,-2.06235e-05,6,0.06,0.000159822,0.3,0.0009,0.0110165,0.003,0.1,-0.00622785,0.3,0.0009,0.00172534,0.01,0.0214,0.00657036,0.01,0.1,0.00596676,0.12,0.00024,0.0299819,0.003,0.1,-0.100385,0.03,0.064,-0.0250858,0.1,0.021,0.046713,0.009,0.0429,0.0133508,1,0.03,0.0213414,1,0.01,0.00725656,0.06,0.2,0.000132452,1,0.05,0.0012005,0.3,0.006,0.0183059,0.003,0.05,0.125267
52,97.7746,18.8912,57.4726,4.45173,9.22334,149.924,4.96691,580.059,-0.000390027,1.39134,-0.00335668,10.5786,-0.0170523,0.0107193,-0.000107835,3.03199,-0.00244022,100.466,0.0180264,0.0588936,-0.000390027,0.232473,-0.00120798,11.9981,0.100942,3.55938,0.0494201,0.0719955,-0.000900994,1.41973,-0.0145773,0.0589227,-0.000172901,1.92613,-0.01354,1.40753,-0.00964319,5.88968,-0.0172031,1.70159,-0.0110234,22.5558,-0.0874098,28.402,-0.0676704,25.7369,-0.0390993,0.0174067,1.7676e-05,86.5614,0.147311,1.90481,0.00267914,0.003,0.06,0.000390027,0.01,0.06,0.0149787,0.03,0.0045,-0.0344414,0.0015,0.0001,7.19899e-05,0.09,0.6,-1.7676e-05,6,0.06,0.000155225,0.3,0.0009,0.00968917,0.003,0.1,-0.005699,0.3,0.0009,0.00127299,0.01,0.0214,0.006568,0.01,0.1,0.00570671,0.12,0.00024,0.0295793,0.003,0.1,-0.0930972,0.03,0.064,-0.0241538,0.1,0.021,0.0445248,0.009,0.0429,0.0133681,1,0.03,0.0180264,1,0.01,0.0069147,0.06,0.2,0.000107835,1,0.05,0.00100883,0.3,0.006,0.0155862,0.003,0.05,0.115921
53,97.7881,19.0135,57.3473,4.43602,9.18405,149.924,5.00538,580.059,-0.000373025,1.3881,-0.00312283,10.5623,-0.0156715,0.0106217,-8.81563e-05,3.0298,-0.0019691,100.482,0.0153319,0.0585121,-0.000373025,0.231304,-0.00113073,12.0951,0.0930338,3.60728,0.0464121,0.0711647,-0.000765307,1.40622,-0.0125093,0.0587538,-0.000164735,1.91306,-0.0126038,1.3981,-0.00921115,5.87289,-0.0163713,1.69081,-0.0105427,22.4715,-0.0812317,28.337,-0.062274,25.6991,-0.0365627,0.0174231,1.52185e-05,86.7036,0.137172,1.90739,0.00248452,0.003,0.06,0.000373025,0.01,0.06,0.014263,0.03,0.0045,-0.0321491,0.0015,0.0001,6.75211e-05,0.09,0.6,-1.52185e-05,6,0.06,0.000149517,0.3,0.0009,0.00834281,0.003,0.1,-0.00521316,0.3,0.0009,0.000820403,0.01,0.0214,0.00657021,0.01,0.1,0.00545787,0.12,0.00024,0.0291725,0.003,0.1,-0.0863446,0.03,0.064,-0.0232502,0.1,0.021,0.042485,0.009,0.0429,0.0133912,1,0.03,0.0153319,1,0.01,0.0065886,0.06,0.2,8.81563e-05,1,0.05,0.000853463,0.3,0.006,0.0133628,0.003,0.05,0.107297
54,97.8009,19.1267,57.231,4.42262,9.14696,149.924,5.04137,580.058,-0.000356752,1.38509,-0.00290548,10.5472,-0.0144177,0.0105417,-7.23982e-05,3.02802,-0.00159557,100.496,0.013131,0.0581473,-0.000356752,0.23021,-0.00105801,12.1844,0.0857775,3.65226,0.0435674,0.0704566,-0.000654564,1.39459,-0.0108084,0.0585933,-0.000156236,1.9009,-0.0117182,1.38911,-0.0087714,5.85695,-0.0155117,1.68049,-0.0100826,22.3932,-0.0754467,28.2773,-0.0573378,25.6638,-0.0341943,0.0174373,1.31663e-05,86.836,0.127676,1.90978,0.00230372,0.003,0.06,0.000356752,0.01,0.06,0.0135603,0.03,0.0045,-0.0300071,0.0015,0.0001,6.33456e-05,0.09,0.6,-1.31663e-05,6,0.06,0.00014307,0.3,0.0009,0.00700267,0.003,0.1,-0.00476684,0.3,0.0009,0.000375067,0.01,0.0214,0.00657625,0.01,0.1,0.00521965,0.12,0.00024,0.0287666,0.003,0.1,-0.0800899,0.03,0.064,-0.022377,0.1,0.021,0.0405839,0.009,0.0429,0.0134189,1,0.03,0.013131,1,0.01,0.00627767,0.06,0.2,7.23982e-05,1,0.05,0.000726962,0.3,0.006,0.0115354,0.003,0.05,0.0993378
55,97.8132,19.2314,57.1231,4.41109,9.11204,149.924,5.07503,580.058,-0.000341173,1.38229,-0.00270349,10.5334,-0.0132766,0.0104758,-5.97551e-05,3.02658,-0.00129887,100.509,0.0113236,0.0577984,-0.000341173,0.229186,-0.000989734,12.2668,0.0791169,3.69447,0.0408795,0.069849,-0.000563709,1.38451,-0.0094013,0.0584414,-0.000147622,1.88961,-0.0108845,1.38056,-0.00832977,5.84187,-0.0146448,1.67063,-0.00964195,22.3205,-0.0700434,28.2222,-0.0528199,25.6307,-0.0319821,0.0174495,1.14485e-05,86.9592,0.118797,1.912,0.00213586,0.003,0.06,0.000341173,0.01,0.06,0.0128735,0.03,0.0045,-0.028006,0.0015,0.0001,5.94465e-05,0.09,0.6,-1.14485e-05,6,0.06,0.000136173,0.3,0.0009,0.00568734,0.003,0.1,-0.00435676,0.3,0.0009,-5.77191e-05,0.01,0.0214,0.00658541,0.01,0.1,0.00499156,0.12,0.00024,0.0283656,0.003,0.1,-0.0742976,0.03,0.064,-0.0215353,0.1,0.021,0.0388123,0.009,0.0429,0.0134504,1,0.03,0.0113236,1,0.01,0.0059813,0.06,0.2,5.97551e-05,1,0.05,0.000623464,0.3,0.006,0.0100248,0.003,0.05,0.0919904
56,97.8249,19.3285,57.0228,4.40112,9.07922,149.924,5.10652,580.057,-0.000326256,1.37968,-0.00251579,10.5206,-0.0122359,0.0104214,-4.95868e-05,3.0254,-0.00106265,100.519,0.00983088,0.0574647,-0.000326256,0.228229,-0.000925735,12.3428,0.0730008,3.73407,0.0383419,0.069324,-0.000488745,1.37571,-0.0082299,0.0582981,-0.000139055,1.87912,-0.0101026,1.37245,-0.00789106,5.82766,-0.0137859,1.6612,-0.00922,22.253,-0.0650065,28.1715,-0.0486821,25.5997,-0.0299151,0.0174602,1.00063e-05,87.0738,0.110506,1.91406,0.00198009,0.003,0.06,0.000326256,0.01,0.06,0.0122049,0.03,0.0045,-0.026137,0.0015,0.0001,5.58071e-05,0.09,0.6,-1.00063e-05,6,0.06,0.000129049,0.3,0.0009,0.00441019,0.003,0.1,-0.00397989,0.3,0.0009,-0.00047431,0.01,0.0214,0.00659706,0.01,0.1,0.00477313,0.12,0.00024,0.0279728,0.003,0.1,-0.0689341,0.03,0.064,-0.0207263,0.1,0.021,0.0371617,0.009,0.0429,0.0134847,1,0.03,0.00983088,1,0.01,0.00569886,0.06,0.2,4.95868e-05,1,0.05,0.000538332,0.3,0.006,0.00876823,0.003,0.05,0.0852057
57,97.836,19.4183,56.9297,4.39243,9.04845,149.924,5.13597,580.057,-0.000311969,1.37725,-0.00234135,10.5089,-0.0112851,0.010376,-4.13875e-05,3.02444,-0.000874102,100.528,0.00859034,0.0571457,-0.000311969,0.227333,-0.000865831,12.413,0.0673824,3.7712,0.0359481,0.0688673,-0.000426516,1.36799,-0.00724834,0.0581632,-0.000130657,1.86939,-0.0093717,1.36477,-0.00745922,5.81429,-0.0129462,1.65219,-0.00881587,22.1904,-0.0603181,28.1247,-0.04489,25.5708,-0.0279831,0.0174696,8.79127e-06,87.1804,0.102772,1.91597,0.0018356,0.003,0.06,0.000311969,0.01,0.06,0.0115564,0.03,0.0045,-0.0243917,0.0015,0.0001,5.24116e-05,0.09,0.6,-8.79127e-06,6,0.06,0.000121865,0.3,0.0009,0.00318053,0.003,0.1,-0.0036334,0.3,0.0009,-0.000872338,0.01,0.0214,0.00661064,0.01,0.1,0.00456392,0.12,0.00024,0.0275908,0.003,0.1,-0.0639679,0.03,0.064,-0.0199502,0.1,0.021,0.0356237,0.009,0.0429,0.0135209,1,0.03,0.00859034,1,0.01,0.00542975,0.06,0.2,4.13875e-05,1,0.05,0.000467904,0.3,0.006,0.00771624,0.003,0.05,0.0789388
58,97.8466,19.5016,56.8432,4.38481,9.01964,149.924,5.16354,580.057,-0.000298286,1.37499,-0.00217922,10.498,-0.0104151,0.0103381,-3.47566e-05,3.02364,-0.00072318,100.536,0.00755283,0.0568406,-0.000298286,0.226496,-0.000809817,12.4777,0.0622192,3.80601,0.0336916,0.0684676,-0.000374533,1.36117,-0.00642036,0.0580367,-0.00012251,1.86036,-0.00868997,1.35753,-0.00703739,5.80176,-0.0121335,1.64357,-0.00842881,22.1322,-0.0559592,28.0816,-0.0414125,25.5437,-0.0261766,0.0174779,7.76339e-06,87.2795,0.0955647,1.91773,0.00170162,0.003,0.06,0.000298286,0.01,0.06,0.0109293,0.03,0.0045,-0.0227623,0.0015,0.0001,4.92444e-05,0.09,0.6,-7.76339e-06,6,0.06,0.000114747,0.3,0.0009,0.00200444,0.003,0.1,-0.00331471,0.3,0.0009,-0.00125041,0.01,0.0214,0.00662567,0.01,0.1,0.00436355,0.12,0.00024,0.0272215,0.003,0.1,-0.0593695,0.03,0.064,-0.0192074,0.1,0.021,0.0341908,0.009,0.0429,0.0135585,1,0.03,0.00755283,1,0.01,0.00517336,0.06,0.2,3.47566e-05,1,0.05,0.00040929,0.3,0.006,0.00682965,0.003,0.05,0.0731485
59,97.8567,19.5789,56.7629,4.37809,8.9927,149.925,5.18932,580.057,-0.00028518,1.37289,-0.00202851,10.488,-0.00961798,0.0103061,-2.93745e-05,3.02298,-0.000601996,100.543,0.00667936,0.0565489,-0.00028518,0.225712,-0.000757478,12.5375,0.0574723,3.83863,0.031566,0.0681155,-0.000330827,1.35511,-0.00571716,0.0579181,-0.000114673,1.85199,-0.00805535,1.35069,-0.00662801,5.79001,-0.011353,1.63532,-0.00805808,22.0783,-0.0519101,28.0418,-0.0382215,25.5184,-0.0244868,0.0174852,6.88993e-06,87.3717,0.0888525,1.91937,0.00157742,0.003,0.06,0.00028518,0.01,0.06,0.0103247,0.03,0.0045,-0.0212412,0.0015,0.0001,4.62911e-05,0.09,0.6,-6.88993e-06,6,0.06,0.000107784,0.3,0.0009,0.000885571,0.003,0.1,-0.00302147,0.3,0.0009,-0.00160785,0.01,0.0214,0.00664172,0.01,0.1,0.00417163,0.12,0.00024,0.0268664,0.003,0.1,-0.0551113,0.03,0.064,-0.0184976,0.1,0.021,0.0328557,0.009,0.0429,0.0135967,1,0.03,0.00667936,1,0.01,0.00492911,0.06,0.2,2.93745e-05,1,0.05,0.000360201,0.3,0.006,0.00607737,0.003,0.05,0.067797
60,97.8663,19.6505,56.6883,4.37213,8.96754,149.925,5.21345,580.056,-0.000272628,1.37093,-0.00188841,10.4788,-0.0088868,0.010279,-2.49881e-05,3.02243,-0.00050434,100.55,0.005939,0.05627,-0.000272628,0.22498,-0.000708598,12.5928,0.0531062,3.86918,0.0295649,0.0678037,-0.000293832,1.3497,-0.00511584,0.0578072,-0.000107185,1.84423,-0.00746544,1.34427,-0.00623293,5.77904,-0.0106082,1.62745,-0.00770302,22.0283,-0.0481512,28.0051,-0.0352916,25.4947,-0.0229059,0.0174917,6.14408e-06,87.4574,0.0826051,1.92089,0.00146232,0.003,0.06,0.000272628,0.01,0.06,0.00974333,0.03,0.0045,-0.0198216,0.0015,0.0001,4.35377e-05,0.09,0.6,-6.14408e-06,6,0.06,0.000101041,0.3,0.0009,-0.000174274,0.003,0.1,-0.00275151,0.3,0.0009,-0.00194451,0.01,0.0214,0.00665845,0.01,0.1,0.00398782,0.12,0.00024,0.0265264,0.003,0.1,-0.0511677,0.03,0.064,-0.0178206,0.1,0.021,0.0316117,0.009,0.0429,0.013635,1,0.03,0.005939,1,0.01,0.00469642,0.06,0.2,2.49881e-05,1,0.05,0.00031882,0.3,0.006,0.00543466,0.003,0.05,0.0628495
61,97.8755,19.7169,56.619,4.36682,8.94405,149.925,5.23602,580.056,-0.000260606,1.36911,-0.00175813,10.4702,-0.0082154,0.0102559,-2.13984e-05,3.02197,-0.00042533,100.555,0.00530713,0.0560035,-0.000260606,0.224294,-0.000662966,12.6439,0.0490887,3.8978,0.0276823,0.0675261,-0.000262301,1.34485,-0.0045981,0.0577036,-0.000100066,1.83704,-0.00691775,1.33822,-0.00585345,5.76879,-0.00990101,1.61991,-0.00736298,21.9819,-0.0446635,27.9711,-0.0325999,25.4726,-0.0214263,0.0174975,5.50394e-06,87.537,0.076793,1.9223,0.00135566,0.003,0.06,0.000260606,0.01,0.06,0.00918555,0.03,0.0045,-0.0184967,0.0015,0.0001,4.09711e-05,0.09,0.6,-5.50394e-06,6,0.06,9.45621e-05,0.3,0.0009,-0.00117468,0.003,0.1,-0.00250286,0.3,0.0009,-0.00226064,0.01,0.0214,0.00667553,0.01,0.1,0.00381179,0.12,0.00024,0.0262021,0.003,0.1,-0.047515,0.03,0.064,-0.0171758,0.1,0.021,0.0304527,0.009,0.0429,0.0136731,1,0.03,0.00530713,1,0.01,0.00447476,0.06,0.2,2.13984e-05,1,0.05,0.0002837,0.3,0.006,0.0048818,0.003,0.05,0.0582742
62,97.8842,19.7786,56.5546,4.36206,8.92216,149.925,5.25714,580.056,-0.000249094,1.36741,-0.00163698,10.4623,-0.00759832,0.010236,-1.84468e-05,3.02158,-0.000361128,100.56,0.00476415,0.0557487,-0.000249094,0.223653,-0.000620373,12.6911,0.0453904,3.92458,0.025912,0.0672776,-0.000235243,1.34048,-0.00414933,0.057607,-9.33276e-05,1.83038,-0.00640972,1.33255,-0.00549046,5.75922,-0.00923221,1.61271,-0.00703734,21.9389,-0.0414285,27.9398,-0.0301255,25.4518,-0.0200414,0.0175027,4.95162e-06,87.6111,0.0713877,1.92361,0.00125685,0.003,0.06,0.000249094,0.01,0.06,0.00865156,0.03,0.0045,-0.0172605,0.0015,0.0001,3.8579e-05,0.09,0.6,-4.95162e-06,6,0.06,8.8376e-05,0.3,0.0009,-0.00211627,0.003,0.1,-0.00227374,0.3,0.0009,-0.00255676,0.01,0.0214,0.00669275,0.01,0.1,0.00364322,0.12,0.00024,0.0258938,0.003,0.1,-0.0441313,0.03,0.064,-0.0165626,0.1,0.021,0.0293727,0.009,0.0429,0.0137106,1,0.03,0.00476415,1,0.01,0.00426359,0.06,0.2,1.84468e-05,1,0.05,0.00025369,0.3,0.006,0.00440302,0.003,0.05,0.054042
63,97.8926,19.8359,56.4947,4.35777,8.90176,149.925,5.27689,580.056,-0.000238069,1.36583,-0.0015243,10.455,-0.00703067,0.0102188,-1.60064e-05,3.02124,-0.000308709,100.565,0.00429441,0.0555051,-0.000238069,0.223052,-0.000580621,12.7348,0.0419845,3.94966,0.0242484,0.0670544,-0.000211869,1.33653,-0.00375782,0.0575168,-8.69711e-05,1.82421,-0.00593881,1.32724,-0.00514448,5.75031,-0.00860178,1.60583,-0.00672553,21.899,-0.0384287,27.9108,-0.0278497,25.4325,-0.0187449,0.0175075,4.47251e-06,87.6799,0.0663622,1.92482,0.00116532,0.003,0.06,0.000238069,0.01,0.06,0.00814135,0.03,0.0045,-0.016107,0.0015,0.0001,3.63497e-05,0.09,0.6,-4.47251e-06,6,0.06,8.24986e-05,0.3,0.0009,-0.0030004,0.003,0.1,-0.0020625,0.3,0.0009,-0.00283357,0.01,0.0214,0.00670988,0.01,0.1,0.0034818,0.12,0.00024,0.0256015,0.003,0.1,-0.0409963,0.03,0.064,-0.0159802,0.1,0.021,0.0283663,0.009,0.0429,0.0137472,1,0.03,0.00429441,1,0.01,0.00406242,0.06,0.2,1.60064e-05,1,0.05,0.000227875,0.3,0.006,0.0039857,0.003,0.05,0.0501258
64,97.9005,19.889,56.4391,4.3539,8.88276,149.925,5.29537,580.055,-0.000227513,1.36436,-0.00141947,10.4483,-0.00650812,0.0102038,-1.39774e-05,3.02096,-0.000265687,100.569,0.00388536,0.0552724,-0.000227513,0.222491,-0.000543522,12.7752,0.0388465,3.97312,0.0226857,0.0668529,-0.000191542,1.33295,-0.00341416,0.0574329,-8.09917e-05,1.81849,-0.00550252,1.32226,-0.00481575,5.74201,-0.00800912,1.59926,-0.00642698,21.862,-0.0356474,27.884,-0.0257553,25.4143,-0.017531,0.0175117,4.05462e-06,87.7439,0.0616907,1.92594,0.00108054,0.003,0.06,0.000227513,0.01,0.06,0.00765472,0.03,0.0045,-0.015031,0.0015,0.0001,3.42724e-05,0.09,0.6,-4.05462e-06,6,0.06,7.6937e-05,0.3,0.0009,-0.00382896,0.003,0.1,-0.00186767,0.3,0.0009,-0.00309192,0.01,0.0214,0.00672678,0.01,0.1,0.00332725,0.12,0.00024,0.0253252,0.003,0.1,-0.0380912,0.03,0.064,-0.0154278,0.1,0.021,0.0274285,0.009,0.0429,0.0137827,1,0.03,0.00388536,1,0.01,0.00387077,0.06,0.2,1.39774e-05,1,0.05,0.00020552,0.3,0.006,0.00361968,0.003,0.05,0.0465012
65,97.908,19.9384,56.3874,4.3504,8.86508,149.925,5.31266,580.055,-0.000217406,1.36299,-0.00132193,10.442,-0.00602674,0.0101907,-1.22807e-05,3.02071,-0.000230182,100.573,0.00352693,0.0550499,-0.000217406,0.221965,-0.000508898,12.8125,0.0359542,3.99506,0.0212186,0.0666705,-0.000173753,1.32969,-0.00311071,0.0573547,-7.53799e-05,1.8132,-0.00509848,1.3176,-0.00450424,5.73428,-0.00745318,1.59298,-0.00614115,21.8276,-0.0330689,27.8593,-0.023827,25.3974,-0.0163944,0.0175156,3.68818e-06,87.8034,0.057349,1.92698,0.00100201,0.003,0.06,0.000217406,0.01,0.06,0.00719133,0.03,0.0045,-0.0140272,0.0015,0.0001,3.23369e-05,0.09,0.6,-3.68818e-06,6,0.06,7.16917e-05,0.3,0.0009,-0.00460418,0.003,0.1,-0.00168787,0.3,0.0009,-0.0033327,0.01,0.0214,0.00674331,0.01,0.1,0.00317928,0.12,0.00024,0.0250645,0.003,0.1,-0.0353986,0.03,0.064,-0.0149043,0.1,0.021,0.0265546,0.009,0.0429,0.0138169,1,0.03,0.00352693,1,0.01,0.00368818,0.06,0.2,1.22807e-05,1,0.05,0.000186034,0.3,0.006,0.00329675,0.003,0.05,0.0431456
66,97.9152,19.9842,56.3394,4.34721,8.84862,149.925,5.32883,580.055,-0.00020773,1.36172,-0.00123118,10.4362,-0.005583,0.0101792,-1.0853e-05,3.02049,-0.000200712,100.576,0.00321099,0.0548374,-0.00020773,0.221472,-0.000476579,12.8471,0.0332873,4.01558,0.0198417,0.0665047,-0.000158093,1.32672,-0.00284134,0.057282,-7.01229e-05,1.80829,-0.00472439,1.31324,-0.00420975,5.72709,-0.00693262,1.58697,-0.00586753,21.7958,-0.0306785,27.8363,-0.0220506,25.3815,-0.0153301,0.0175191,3.36514e-06,87.8587,0.0533143,1.92795,0.000929279,0.003,0.06,0.00020773,0.01,0.06,0.00675075,0.03,0.0045,-0.013091,0.0015,0.0001,3.05336e-05,0.09,0.6,-3.36514e-06,6,0.06,6.67578e-05,0.3,0.0009,-0.00532854,0.003,0.1,-0.00152189,0.3,0.0009,-0.00355688,0.01,0.0214,0.00675937,0.01,0.1,0.00303763,0.12,0.00024,0.0248189,0.003,0.1,-0.0329026,0.03,0.064,-0.0144089,0.1,0.021,0.0257402,0.009,0.0429,0.0138498,1,0.03,0.00321099,1,0.01,0.00351421,0.06,0.2,1.0853e-05,1,0.05,0.000168946,0.3,0.006,0.00301028,0.003,0.05,0.040038
67,97.9221,20.0269,56.2947,4.3443,8.83332,149.925,5.34395,580.055,-0.000198467,1.36053,-0.00114671,10.4308,-0.00517372,0.010169,-9.64315e-06,3.02031,-0.0001761,100.579,0.00293097,0.0546343,-0.000198467,0.221011,-0.000446408,12.8792,0.0308272,4.03477,0.0185502,0.0663537,-0.000144229,1.324,-0.002601,0.0572144,-6.5206e-05,1.80374,-0.00437809,1.30917,-0.00393192,5.7204,-0.00644592,1.58124,-0.00560562,21.7662,-0.0284626,27.8151,-0.0204135,25.3667,-0.0143335,0.0175223,3.07889e-06,87.9101,0.049565,1.92884,0.000861917,0.003,0.06,0.000198467,0.01,0.06,0.00633242,0.03,0.0045,-0.0122178,0.0015,0.0001,2.88536e-05,0.09,0.6,-3.07889e-06,6,0.06,6.21271e-05,0.3,0.0009,-0.00600463,0.003,0.1,-0.00136858,0.3,0.0009,-0.0037654,0.01,0.0214,0.0067749,0.01,0.1,0.00290204,0.12,0.00024,0.0245881,0.003,0.1,-0.0305885,0.03,0.064,-0.0139404,0.1,0.021,0.0249812,0.009,0.0429,0.0138813,1,0.03,0.00293097,1,0.01,0.00334845,0.06,0.2,9.64315e-06,1,0.05,0.000153873,0.3,0.006,0.00275487,0.003,0.05,0.0371596
68,97.9286,20.0665,56.2532,4.34165,8.81908,149.925,5.35809,580.054,-0.000189602,1.35942,-0.0010681,10.4258,-0.00479602,0.0101598,-8.61091e-06,3.02014,-0.00015541,100.582,0.00268146,0.0544403,-0.000189602,0.220579,-0.000418238,12.9089,0.028557,4.05271,0.0173392,0.0662158,-0.000131892,1.32151,-0.00238555,0.0571515,-6.06133e-05,1.79952,-0.00405756,1.30538,-0.0036703,5.71419,-0.00599144,1.57576,-0.00535495,21.7388,-0.0264084,27.7955,-0.0189039,25.3528,-0.0134003,0.0175253,2.82404e-06,87.958,0.0460813,1.92967,0.000799527,0.003,0.06,0.000189602,0.01,0.06,0.00593573,0.03,0.0045,-0.0114035,0.0015,0.0001,2.72886e-05,0.09,0.6,-2.82404e-06,6,0.06,5.77892e-05,0.3,0.0009,-0.00663507,0.003,0.1,-0.00122694,0.3,0.0009,-0.00395923,0.01,0.0214,0.00678985,0.01,0.1,0.00277228,0.12,0.00024,0.0243714,0.003,0.1,-0.0284425,0.03,0.064,-0.0134978,0.1,0.021,0.0242739,0.009,0.0429,0.0139112,1,0.03,0.00268146,1,0.01,0.00319052,0.06,0.2,8.61091e-06,1,0.05,0.000140503,0.3,0.006,0.00252606,0.003,0.05,0.0344927
69,97.9349,20.1033,56.2146,4.33921,8.80585,149.925,5.3713,580.054,-0.000181117,1.35839,-0.00099491,10.4212,-0.00444728,0.0101517,-7.72602e-06,3.01999,-0.000137901,100.585,0.00245808,0.054255,-0.000181117,0.220174,-0.000391931,12.9363,0.0264613,4.06948,0.0162041,0.0660895,-0.000120855,1.31922,-0.0021916,0.057093,-5.63284e-05,1.79562,-0.00376089,1.30183,-0.00342433,5.70841,-0.00556748,1.57052,-0.00511506,21.7134,-0.0245039,27.7773,-0.0175113,25.3399,-0.0125266,0.017528,2.5963e-06,88.0024,0.0428444,1.93044,0.00074174,0.003,0.06,0.000181117,0.01,0.06,0.00556,0.03,0.0045,-0.0106441,0.0015,0.0001,2.58306e-05,0.09,0.6,-2.5963e-06,6,0.06,5.37321e-05,0.3,0.0009,-0.00722249,0.003,0.1,-0.001096,0.3,0.0009,-0.00413928,0.01,0.0214,0.00680417,0.01,0.1,0.00264809,0.12,0.00024,0.0241682,0.003,0.1,-0.0264521,0.03,0.064,-0.0130801,0.1,0.021,0.0236148,0.009,0.0429,0.0139397,1,0.03,0.00245808,1,0.01,0.00304002,0.06,0.2,7.72602e-06,1,0.05,0.000128581,0.3,0.006,0.00232018,0.003,0.05,0.0320213
70,97.9408,20.1375,56.1787,4.33698,8.79356,149.925,5.38366,580.054,-0.000172998,1.35743,-0.000926779,10.4169,-0.00412513,0.0101443,-6.96116e-06,3.01986,-0.000122979,100.587,0.00225721,0.054078,-0.000172998,0.219794,-0.000367359,12.9618,0.0245258,4.08514,0.0151406,0.0659737,-0.000110939,1.31712,-0.00201633,0.0570387,-5.23336e-05,1.79199,-0.0034863,1.29852,-0.0031934,5.70304,-0.00517235,1.56552,-0.00488551,21.6898,-0.0227381,27.7604,-0.0162262,25.3278,-0.0117086,0.0175305,2.39166e-06,88.0437,0.0398368,1.93116,0.000688213,0.003,0.06,0.000172998,0.01,0.06,0.00520453,0.03,0.0045,-0.00993607,0.0015,0.0001,2.44726e-05,0.09,0.6,-2.39166e-06,6,0.06,4.99419e-05,0.3,0.0009,-0.00776947,0.003,0.1,-0.000974929,0.3,0.0009,-0.00430647,0.01,0.0214,0.00681784,0.01,0.1,0.00252926,0.12,0.00024,0.0239779,0.003,0.1,-0.0246058,0.03,0.064,-0.0126861,0.1,0.021,0.0230004,0.009,0.0429,0.0139667,1,0.03,0.00225721,1,0.01,0.00289662,0.06,0.2,6.96116e-06,1,0.05,0.0001179,0.3,0.006,0.00213423,0.003,0.05,0.0297303
71,97.9465,20.1693,56.1453,4.33493,8.78213,149.925,5.39522,580.054,-0.000165229,1.35653,-0.000863345,10.413,-0.00382741,0.0101377,-6.29527e-06,3.01975,-0.000110175,100.589,0.00207586,0.0539089,-0.000165229,0.219438,-0.000344402,12.9854,0.0227378,4.09978,0.0141444,0.0658673,-0.000101995,1.31518,-0.0018574,0.0569883,-4.86121e-05,1.78864,-0.00323213,1.29544,-0.00297685,5.69805,-0.00480433,1.56075,-0.00466588,21.6678,-0.0211009,27.7448,-0.0150396,25.3164,-0.0109429,0.0175328,2.20696e-06,88.0821,0.0370422,1.93182,0.000638628,0.003,0.06,0.000165229,0.01,0.06,0.00486855,0.03,0.0045,-0.00927589,0.0015,0.0001,2.32075e-05,0.09,0.6,-2.20696e-06,6,0.06,4.64051e-05,0.3,0.0009,-0.00827852,0.003,0.1,-0.000862931,0.3,0.0009,-0.00446165,0.01,0.0214,0.00683086,0.01,0.1,0.00241556,0.12,0.00024,0.0237999,0.003,0.1,-0.0228928,0.03,0.064,-0.0123148,0.1,0.021,0.0224279,0.009,0.0429,0.0139922,1,0.03,0.00207586,1,0.01,0.00275996,0.06,0.2,6.29527e-06,1,0.05,0.00010829,0.3,0.006,0.00196569,0.003,0.05,0.0276063
72,97.9519,20.1989,56.1142,4.33304,8.77151,149.926,5.40602,580.054,-0.000157796,1.3557,-0.00080428,10.4093,-0.00355213,0.0101317,-5.71207e-06,3.01964,-9.91193e-05,100.591,0.00191158,0.0537474,-0.000157796,0.219105,-0.000322949,13.0073,0.0210853,4.11345,0.0132117,0.0657694,-9.38991e-05,1.3134,-0.00171285,0.0569414,-4.51478e-05,1.78552,-0.00299686,1.29256,-0.00277402,5.69342,-0.00446177,1.55619,-0.00445576,21.6475,-0.0195827,27.7303,-0.0139436,25.3059,-0.0102261,0.0175349,2.03977e-06,88.1179,0.0344455,1.93243,0.000592692,0.003,0.06,0.000157796,0.01,0.06,0.0045513,0.03,0.0045,-0.00866039,0.0015,0.0001,2.20293e-05,0.09,0.6,-2.03977e-06,6,0.06,4.3108e-05,0.3,0.0009,-0.00875208,0.003,0.1,-0.000759292,0.3,0.0009,-0.00460565,0.01,0.0214,0.00684322,0.01,0.1,0.00230678,0.12,0.00024,0.0236335,0.003,0.1,-0.0213032,0.03,0.064,-0.0119652,0.1,0.021,0.0218944,0.009,0.0429,0.0140163,1,0.03,0.00191158,1,0.01,0.00262973,0.06,0.2,5.71207e-06,1,0.05,9.96112e-05,0.3,0.006,0.00181246,0.003,0.05,0.0256366
73,97.957,20.2264,56.0854,4.3313,8.76164,149.926,5.41611,580.054,-0.000150685,1.35492,-0.000749279,10.4058,-0.00329752,0.0101263,-5.19931e-06,3.01955,-8.95151e-05,100.593,0.00176231,0.0535932,-0.000150685,0.218792,-0.000302897,13.0277,0.0195577,4.12622,0.0123386,0.0656793,-8.65464e-05,1.31175,-0.00158105,0.0568979,-4.19245e-05,1.78264,-0.00277905,1.28988,-0.0025842,5.68912,-0.00414305,1.55184,-0.00425475,21.6286,-0.0181748,27.7169,-0.012931,25.296,-0.00955523,0.0175369,1.88812e-06,88.1511,0.0320325,1.93301,0.000550131,0.003,0.06,0.000150685,0.01,0.06,0.00425199,0.03,0.0045,-0.00808659,0.0015,0.0001,2.09318e-05,0.09,0.6,-1.88812e-06,6,0.06,4.00364e-05,0.3,0.0009,-0.00919247,0.003,0.1,-0.000663357,0.3,0.0009,-0.00473924,0.01,0.0214,0.00685493,0.01,0.1,0.00220272,0.12,0.00024,0.023478,0.003,0.1,-0.0198279,0.03,0.064,-0.0116361,0.1,0.021,0.0213972,0.009,0.0429,0.0140389,1,0.03,0.00176231,1,0.01,0.00250562,0.06,0.2,5.19931e-06,1,0.05,9.17457e-05,0.3,0.006,0.00167279,0.003,0.05,0.0238097
74,97.9619,20.252,56.0585,4.32969,8.75248,149.926,5.42554,580.053,-0.000143882,1.3542,-0.000698059,10.4027,-0.00306194,0.0101213,-4.74559e-06,3.01946,-8.11189e-05,100.595,0.0016263,0.0534459,-0.000143882,0.218499,-0.000284149,13.0465,0.0181449,4.13815,0.0115215,0.0655961,-7.98505e-05,1.31023,-0.00146059,0.0568575,-3.89263e-05,1.77996,-0.00257738,1.28739,-0.00240673,5.68513,-0.00384664,1.54768,-0.00406249,21.6111,-0.016869,27.7044,-0.0119949,25.2867,-0.00892745,0.0175387,1.74999e-06,88.182,0.0297903,1.93354,0.000510695,0.003,0.06,0.000143882,0.01,0.06,0.00396984,0.03,0.0045,-0.0075517,0.0015,0.0001,1.99096e-05,0.09,0.6,-1.74999e-06,6,0.06,3.71763e-05,0.3,0.0009,-0.00960188,0.003,0.1,-0.000574524,0.3,0.0009,-0.00486314,0.01,0.0214,0.006866,0.01,0.1,0.00210319,0.12,0.00024,0.023333,0.003,0.1,-0.0184584,0.03,0.064,-0.0113266,0.1,0.021,0.0209338,0.009,0.0429,0.0140602,1,0.03,0.0016263,1,0.01,0.00238733,0.06,0.2,4.74559e-06,1,0.05,8.4596e-05,0.3,0.006,0.00154518,0.003,0.05,0.0221148
75,97.9665,20.2758,56.0335,4.32821,8.74397,149.926,5.43435,580.053,-0.000137376,1.35353,-0.000650358,10.3997,-0.00284387,0.0101168,-4.34152e-06,3.01939,-7.37348e-05,100.596,0.00150207,0.0533053,-0.000137376,0.218223,-0.000266617,13.064,0.016838,4.14928,0.0107572,0.0655194,-7.3738e-05,1.30883,-0.00135026,0.05682,-3.61384e-05,1.77748,-0.00239064,1.28507,-0.0022409,5.68142,-0.00357107,1.54371,-0.0038786,21.5949,-0.0156578,27.6929,-0.0111294,25.2781,-0.00834005,0.0175404,1.62371e-06,88.2107,0.0277066,1.93403,0.000474148,0.003,0.06,0.000137376,0.01,0.06,0.00370408,0.03,0.0045,-0.00705309,0.0015,0.0001,1.89575e-05,0.09,0.6,-1.62371e-06,6,0.06,3.45146e-05,0.3,0.0009,-0.0099824,0.003,0.1,-0.000492243,0.3,0.0009,-0.00497806,0.01,0.0214,0.00687645,0.01,0.1,0.00200799,0.12,0.00024,0.0231976,0.003,0.1,-0.017187,0.03,0.064,-0.0110357,0.1,0.021,0.0205019,0.009,0.0429,0.0140802,1,0.03,0.00150207,1,0.01,0.00227461,0.06,0.2,4.34152e-06,1,0.05,7.80795e-05,0.3,0.006,0.00142834,0.003,0.05,0.0205421
76,97.971,20.298,56.0102,4.32684,8.73606,149.926,5.44258,580.053,-0.000131154,1.3529,-0.000605933,10.397,-0.00264195,0.0101126,-3.97926e-06,3.01932,-6.72018e-05,100.598,0.00138834,0.0531711,-0.000131154,0.217965,-0.000250219,13.0802,0.0156287,4.15968,0.0100423,0.0654485,-6.81462e-05,1.30753,-0.00124902,0.0567852,-3.35469e-05,1.77517,-0.00221769,1.2829,-0.00208607,5.67798,-0.00331495,1.53992,-0.00370275,21.5798,-0.0145343,27.6821,-0.0103287,25.27,-0.00779053,0.0175419,1.50787e-06,88.2374,0.02577,1.93448,0.000440275,0.003,0.06,0.000131154,0.01,0.06,0.00345391,0.03,0.0045,-0.00658834,0.0015,0.0001,1.80708e-05,0.09,0.6,-1.50787e-06,6,0.06,3.20391e-05,0.3,0.0009,-0.010336,0.003,0.1,-0.000416008,0.3,0.0009,-0.00508463,0.01,0.0214,0.0068863,0.01,0.1,0.00191695,0.12,0.00024,0.0230714,0.003,0.1,-0.0160065,0.03,0.064,-0.0107624,0.1,0.021,0.0200995,0.009,0.0429,0.014099,1,0.03,0.00138834,1,0.01,0.00216717,0.06,0.2,3.97926e-06,1,0.05,7.21254e-05,0.3,0.006,0.00132114,0.003,0.05,0.0190826
77,97.9752,20.3186,55.9886,4.32558,8.72872,149.926,5.45027,580.053,-0.000125204,1.35231,-0.000564555,10.3944,-0.00245492,0.0101088,-3.65371e-06,3.01925,-6.13933e-05,100.599,0.00128404,0.0530429,-0.000125204,0.217723,-0.000234876,13.0953,0.0145092,4.16938,0.00937377,0.065383,-6.30194e-05,1.30633,-0.00115598,0.0567528,-3.11392e-05,1.77304,-0.00205749,1.28089,-0.00194158,5.67479,-0.00307696,1.5363,-0.0035346,21.5658,-0.013492,27.6722,-0.00958793,25.2625,-0.00727651,0.0175434,1.40161e-06,88.2623,0.0239702,1.93491,0.000408877,0.003,0.06,0.000125204,0.01,0.06,0.0032186,0.03,0.0045,-0.00615517,0.0015,0.0001,1.72449e-05,0.09,0.6,-1.40161e-06,6,0.06,2.97376e-05,0.3,0.0009,-0.0106645,0.003,0.1,-0.000345357,0.3,0.0009,-0.00518345,0.01,0.0214,0.00689558,0.01,0.1,0.0018299,0.12,0.00024,0.0229537,0.003,0.1,-0.0149103,0.03,0.064,-0.0105058,0.1,0.021,0.0197244,0.009,0.0429,0.0141166,1,0.03,0.00128404,1,0.01,0.00206478,0.06,0.2,3.65371e-06,1,0.05,6.66731e-05,0.3,0.006,0.00122265,0.003,0.05,0.0177278
78,97.9792,20.3378,55.9685,4.32441,8.7219,149.926,5.45746,580.053,-0.000119514,1.35177,-0.000526015,10.3921,-0.00228163,0.0101053,-3.36059e-06,3.01919,-5.62052e-05,100.6,0.00118823,0.0529206,-0.000119514,0.217495,-0.000220518,13.1093,0.0134727,4.17844,0.00874883,0.0653223,-5.83103e-05,1.30521,-0.00107035,0.0567228,-2.89024e-05,1.77106,-0.00190908,1.27902,-0.00180681,5.67182,-0.00285586,1.53285,-0.00337382,21.5528,-0.012525,27.6629,-0.00890222,25.2555,-0.00679577,0.0175447,1.30403e-06,88.2854,0.0222973,1.9353,0.000379769,0.003,0.06,0.000119514,0.01,0.06,0.00299738,0.03,0.0045,-0.00575145,0.0015,0.0001,1.64758e-05,0.09,0.6,-1.30403e-06,6,0.06,2.75984e-05,0.3,0.0009,-0.0109697,0.003,0.1,-0.000279862,0.3,0.0009,-0.00527507,0.01,0.0214,0.00690429,0.01,0.1,0.00174667,0.12,0.00024,0.0228441,0.003,0.1,-0.0138921,0.03,0.064,-0.010265,0.1,0.021,0.0193749,0.009,0.0429,0.014133,1,0.03,0.00118823,1,0.01,0.00196718,0.06,0.2,3.36059e-06,1,0.05,6.16709e-05,0.3,0.006,0.00113202,0.003,0.05,0.0164701
79,97.9831,20.3556,55.9497,4.32332,8.71556,149.926,5.46417,580.053,-0.000114074,1.35126,-0.000490119,10.3899,-0.00212101,0.0101021,-3.09522e-06,3.01914,-5.15523e-05,100.601,0.00110009,0.0528038,-0.000114074,0.217281,-0.000207078,13.1222,0.0125127,4.18689,0.00816473,0.0652662,-5.39799e-05,1.30418,-0.000991467,0.056695,-2.68249e-05,1.76922,-0.00177157,1.27728,-0.00168116,5.66907,-0.00265049,1.52955,-0.00322011,21.5407,-0.0116278,27.6544,-0.00826734,25.2489,-0.00634623,0.017546,1.21416e-06,88.3069,0.0207424,1.93567,0.00035278,0.003,0.06,0.000114074,0.01,0.06,0.00278954,0.03,0.0045,-0.00537519,0.0015,0.0001,1.57594e-05,0.09,0.6,-1.21416e-06,6,0.06,2.56107e-05,0.3,0.0009,-0.0112532,0.003,0.1,-0.000219133,0.3,0.0009,-0.00536003,0.01,0.0214,0.00691248,0.01,0.1,0.00166709,0.12,0.00024,0.0227421,0.003,0.1,-0.0129463,0.03,0.064,-0.010039,0.1,0.021,0.0190493,0.009,0.0429,0.0141484,1,0.03,0.00110009,1,0.01,0.00187417,0.06,0.2,3.09522e-06,1,0.05,5.70751e-05,0.3,0.006,0.00104854,0.003,0.05,0.0153023
80,97.9867,20.3722,55.9323,4.32232,8.70968,149.926,5.47044,580.053,-0.000108873,1.35079,-0.000456683,10.3878,-0.00197211,0.0100991,-2.85438e-06,3.01909,-4.73606e-05,100.602,0.00101892,0.0526924,-0.000108873,0.21708,-0.000194495,13.1343,0.0116234,4.19478,0.00761892,0.0652143,-4.99922e-05,1.30323,-0.00091871,0.0566691,-2.48946e-05,1.76751,-0.00164415,1.27565,-0.00156406,5.66652,-0.00245975,1.5264,-0.00307316,21.5295,-0.0107952,27.6464,-0.00767934,25.2428,-0.00592592,0.0175472,1.13112e-06,88.327,0.019297,1.93601,0.000327752,0.003,0.06,0.000108873,0.01,0.06,0.00259438,0.03,0.0045,-0.00502454,0.0015,0.0001,1.50923e-05,0.09,0.6,-1.13112e-06,6,0.06,2.37634e-05,0.3,0.0009,-0.0115165,0.003,0.1,-0.00016281,0.3,0.0009,-0.00543881,0.01,0.0214,0.00692015,0.01,0.1,0.00159102,0.12,0.00024,0.022647,0.003,0.1,-0.0120677,0.03,0.064,-0.00982719,0.1,0.021,0.0187458,0.009,0.0429,0.0141628,1,0.03,0.00101892,1,0.01,0.00178551,0.06,0.2,2.85438e-06,1,0.05,5.28466e-05,0.3,0.006,0.000971557,0.003,0.05,0.0142177
81,97.9902,20.3877,55.9161,4.32139,8.70421,149.926,5.47629,580.053,-0.000103902,1.35035,-0.000425541,10.3859,-0.00183403,0.0100964,-2.63436e-06,3.01904,-4.35751e-05,100.603,0.000944089,0.052586,-0.000103902,0.216892,-0.000182711,13.1455,0.0107992,4.20214,0.00710897,0.0651661,-4.63183e-05,1.30234,-0.000851561,0.0566451,-2.31022e-05,1.76592,-0.00152605,1.27414,-0.00145496,5.66415,-0.00228262,1.5234,-0.00293271,21.5191,-0.0100226,27.639,-0.00713462,25.237,-0.00553301,0.0175483,1.05424e-06,88.3456,0.0179533,1.93633,0.000304539,0.003,0.06,0.000103902,0.01,0.06,0.0024112,0.03,0.0045,-0.00469778,0.0015,0.0001,1.4471e-05,0.09,0.6,-1.05424e-06,6,0.06,2.20479e-05,0.3,0.0009,-0.011761,0.003,0.1,-0.000110562,0.3,0.0009,-0.00551186,0.01,0.0214,0.00692735,0.01,0.1,0.0015183,0.12,0.00024,0.0225586,0.003,0.1,-0.0112514,0.03,0.064,-0.00962862,0.1,0.021,0.018463,0.009,0.0429,0.0141763,1,0.03,0.000944089,1,0.01,0.00170102,0.06,0.2,2.63436e-06,1,0.05,4.89526e-05,0.3,0.006,0.000900514,0.003,0.05,0.0132104
82,97.9936,20.4021,55.901,4.32053,8.69914,149.926,5.48175,580.052,-9.91504e-05,1.34994,-0.00039653,10.3841,-0.00170594,0.0100938,-2.43316e-06,3.019,-4.01377e-05,100.604,0.000875013,0.0524845,-9.91504e-05,0.216715,-0.000171674,13.1559,0.0100354,4.20901,0.00663263,0.0651215,-4.29278e-05,1.30152,-0.000789514,0.0566229,-2.14373e-05,1.76445,-0.00141658,1.27274,-0.00135336,5.66195,-0.00211815,1.52054,-0.00279846,21.5094,-0.00930553,27.6321,-0.00662982,25.2317,-0.00516575,0.0175493,9.82916e-07,88.3629,0.0167041,1.93662,0.000283006,0.003,0.06,9.91504e-05,0.01,0.06,0.00223936,0.03,0.0045,-0.00439327,0.0015,0.0001,1.38924e-05,0.09,0.6,-9.82916e-07,6,0.06,2.04544e-05,0.3,0.0009,-0.0119881,0.003,0.1,-6.20816e-05,0.3,0.0009,-0.00557959,0.01,0.0214,0.00693409,0.01,0.1,0.00144881,0.12,0.00024,0.0224763,0.003,0.1,-0.0104928,0.03,0.064,-0.00944256,0.1,0.021,0.0181995,0.009,0.0429,0.0141888,1,0.03,0.000875013,1,0.01,0.00162048,0.06,0.2,2.43316e-06,1,0.05,4.5361e-05,0.3,0.006,0.000834875,0.003,0.05,0.0122747
83,97.9967,20.4155,55.8869,4.31973,8.69443,149.926,5.48686,580.052,-9.46089e-05,1.34955,-0.000369506,10.3825,-0.0015871,0.0100915,-2.24879e-06,3.01896,-3.70155e-05,100.605,0.000811228,0.0523876,-9.46089e-05,0.216548,-0.000161332,13.1656,0.00932715,4.21542,0.00618774,0.0650802,-3.97981e-05,1.30076,-0.000732165,0.0566022,-1.98918e-05,1.76309,-0.0013151,1.27144,-0.00125874,5.65991,-0.00196545,1.5178,-0.00267017,21.5005,-0.00864004,27.6257,-0.00616192,25.2267,-0.00482253,0.0175502,9.16842e-07,88.379,0.0155427,1.93689,0.000263031,0.003,0.06,9.46089e-05,0.01,0.06,0.00207822,0.03,0.0045,-0.00410953,0.0015,0.0001,1.33535e-05,0.09,0.6,-9.16842e-07,6,0.06,1.8975e-05,0.3,0.0009,-0.012199,0.003,0.1,-1.70902e-05,0.3,0.0009,-0.0056424,0.01,0.0214,0.00694041,0.01,0.1,0.00138239,0.12,0.00024,0.0223997,0.003,0.1,-0.00978783,0.03,0.064,-0.0092683,0.1,0.021,0.0179539,0.009,0.0429,0.0142005,1,0.03,0.000811228,1,0.01,0.00154372,0.06,0.2,2.24879e-06,1,0.05,4.20469e-05,0.3,0.006,0.000774212,0.003,0.05,0.0114054
84,97.9997,20.428,55.8739,4.31899,8.69005,149.926,5.49162,580.052,-9.02689e-05,1.3492,-0.000344322,10.381,-0.0014768,0.0100893,-2.08079e-06,3.01893,-3.4167e-05,100.606,0.000752248,0.0522952,-9.02689e-05,0.216392,-0.000151641,13.1746,0.00867038,4.2214,0.00577231,0.0650419,-3.69025e-05,1.30006,-0.000679098,0.0565831,-1.84573e-05,1.76182,-0.00122099,1.27022,-0.00117067,5.65801,-0.00182369,1.51519,-0.00254757,21.4921,-0.00802233,27.6198,-0.00572809,25.222,-0.00450182,0.0175511,8.55952e-07,88.394,0.0144629,1.93715,0.000244499,0.003,0.06,9.02689e-05,0.01,0.06,0.00192719,0.03,0.0045,-0.00384512,0.0015,0.0001,1.28517e-05,0.09,0.6,-8.55952e-07,6,0.06,1.76014e-05,0.3,0.0009,-0.0123948,0.003,0.1,2.46757e-05,0.3,0.0009,-0.00570065,0.01,0.0214,0.00694631,0.01,0.1,0.00131892,0.12,0.00024,0.0223284,0.003,0.1,-0.00913259,0.03,0.064,-0.00910514,0.1,0.021,0.0177251,0.009,0.0429,0.0142114,1,0.03,0.000752248,1,0.01,0.00147056,0.06,0.2,2.08079e-06,1,0.05,3.89833e-05,0.3,0.006,0.000718081,0.003,0.05,0.0105976
85,98.0026,20.4397,55.8617,4.3183,8.68599,149.926,5.49607,580.052,-8.61218e-05,1.34886,-0.000320864,10.3795,-0.00137441,0.0100873,-1.92648e-06,3.0189,-3.15632e-05,100.607,0.000697696,0.052207,-8.61218e-05,0.216245,-0.000142558,13.183,0.00806118,4.22697,0.00538444,0.0650064,-3.42246e-05,1.2994,-0.000629981,0.0565653,-1.71258e-05,1.76064,-0.00113372,1.26909,-0.00108869,5.65625,-0.00169209,1.5127,-0.00243042,21.4844,-0.00744897,27.6142,-0.00532575,25.2177,-0.00420219,0.0175519,7.99475e-07,88.408,0.0134588,1.93738,0.000227301,0.003,0.06,8.61218e-05,0.01,0.06,0.00178568,0.03,0.0045,-0.00359876,0.0015,0.0001,1.23843e-05,0.09,0.6,-7.99475e-07,6,0.06,1.63263e-05,0.3,0.0009,-0.0125767,0.003,0.1,6.3452e-05,0.3,0.0009,-0.00575466,0.01,0.0214,0.00695183,0.01,0.1,0.00125827,0.12,0.00024,0.0222622,0.003,0.1,-0.00852352,0.03,0.064,-0.00895243,0.1,0.021,0.0175119,0.009,0.0429,0.0142216,1,0.03,0.000697696,1,0.01,0.00140083,0.06,0.2,1.92648e-06,1,0.05,3.61511e-05,0.3,0.006,0.000666132,0.003,0.05,0.00984686
86,98.0053,20.4505,55.8503,4.31766,8.68222,149.926,5.50022,580.052,-8.21593e-05,1.34855,-0.00029902,10.3782,-0.00127934,0.0100855,-1.78414e-06,3.01887,-2.91737e-05,100.607,0.000647197,0.0521229,-8.21593e-05,0.216107,-0.000134042,13.1907,0.00749597,4.23217,0.00502235,0.0649734,-3.17465e-05,1.2988,-0.000584492,0.0565488,-1.58895e-05,1.75955,-0.00105278,1.26804,-0.00101241,5.65462,-0.00156992,1.51033,-0.0023185,21.4772,-0.00691671,27.6091,-0.00495253,25.2136,-0.00392226,0.0175527,7.46883e-07,88.4209,0.012525,1.9376,0.000211337,0.003,0.06,8.21593e-05,0.01,0.06,0.00165315,0.03,0.0045,-0.0033692,0.0015,0.0001,1.1949e-05,0.09,0.6,-7.46883e-07,6,0.06,1.51426e-05,0.3,0.0009,-0.0127455,0.003,0.1,9.946e-05,0.3,0.0009,-0.00580476,0.01,0.0214,0.00695699,0.01,0.1,0.00120033,0.12,0.00024,0.0222005,0.003,0.1,-0.0079573,0.03,0.064,-0.00880953,0.1,0.021,0.0173133,0.009,0.0429,0.0142311,1,0.03,0.000647197,1,0.01,0.00133437,0.06,0.2,1.78414e-06,1,0.05,3.35306e-05,0.3,0.006,0.000618023,0.003,0.05,0.00914912
87,98.0079,20.4606,55.8398,4.31707,8.67871,149.926,5.50409,580.052,-7.83736e-05,1.34827,-0.000278673,10.377,-0.00119104,0.0100837,-1.65283e-06,3.01884,-2.69793e-05,100.608,0.000600434,0.0520427,-7.83736e-05,0.215977,-0.000126057,13.198,0.00697147,4.23703,0.00468437,0.0649428,-2.9452e-05,1.29823,-0.00054235,0.0565335,-1.47418e-05,1.75854,-0.000977694,1.26707,-0.000941436,5.65311,-0.00145653,1.50807,-0.00221158,21.4706,-0.0064226,27.6043,-0.00460622,25.2098,-0.00366078,0.0175534,6.97897e-07,88.433,0.0116567,1.9378,0.000196517,0.003,0.06,7.83736e-05,0.01,0.06,0.00152906,0.03,0.0045,-0.00315531,0.0015,0.0001,1.15437e-05,0.09,0.6,-6.97897e-07,6,0.06,1.40439e-05,0.3,0.0009,-0.0129023,0.003,0.1,0.000132903,0.3,0.0009,-0.00585121,0.01,0.0214,0.00696181,0.01,0.1,0.00114497,0.12,0.00024,0.0221432,0.003,0.1,-0.00743085,0.03,0.064,-0.00867584,0.1,0.021,0.0171282,0.009,0.0429,0.01424,1,0.03,0.000600434,1,0.01,0.00127103,0.06,0.2,1.65283e-06,1,0.05,3.11049e-05,0.3,0.006,0.000573455,0.003,0.05,0.00850053
88,98.0104,20.47,55.8299,4.31652,8.67546,149.926,5.50771,580.052,-7.4757e-05,1.348,-0.000259709,10.3758,-0.00110901,0.0100821,-1.53137e-06,3.01881,-2.49634e-05,100.608,0.00055712,0.0519661,-7.4757e-05,0.215854,-0.000118567,13.2047,0.00648464,4.24155,0.00436894,0.0649144,-2.73274e-05,1.29771,-0.000503298,0.0565193,-1.36763e-05,1.75759,-0.000908039,1.26616,-0.000875408,5.65171,-0.00135128,1.50591,-0.00210944,21.4644,-0.00596388,27.5999,-0.00428483,25.2063,-0.00341658,0.0175541,6.52126e-07,88.4443,0.0108492,1.93799,0.000182759,0.003,0.06,7.4757e-05,0.01,0.06,0.00141292,0.03,0.0045,-0.00295602,0.0015,0.0001,1.11661e-05,0.09,0.6,-6.52126e-07,6,0.06,1.30242e-05,0.3,0.0009,-0.0130479,0.003,0.1,0.000163969,0.3,0.0009,-0.0058943,0.01,0.0214,0.00696631,0.01,0.1,0.0010921,0.12,0.00024,0.0220899,0.003,0.1,-0.00694135,0.03,0.064,-0.00855082,0.1,0.021,0.0169557,0.009,0.0429,0.0142482,1,0.03,0.00055712,1,0.01,0.00121066,0.06,0.2,1.53137e-06,1,0.05,2.88588e-05,0.3,0.006,0.000532156,0.003,0.05,0.00789755
89,98.0128,20.4787,55.8208,4.31601,8.67244,149.926,5.51108,580.052,-7.13025e-05,1.34775,-0.000242039,10.3748,-0.0010328,0.0100807,-1.41906e-06,3.01879,-2.31093e-05,100.609,0.000516988,0.0518931,-7.13025e-05,0.215739,-0.000111542,13.2109,0.00603269,4.24577,0.00407458,0.0648881,-2.53592e-05,1.29723,-0.0004671,0.0565061,-1.26872e-05,1.75672,-0.000843411,1.26531,-0.000813988,5.65041,-0.00125359,1.50385,-0.00201188,21.4586,-0.005538,27.5958,-0.0039865,25.203,-0.00318854,0.0175547,6.09398e-07,88.4547,0.0100981,1.93817,0.000169984,0.003,0.06,7.13025e-05,0.01,0.06,0.00130424,0.03,0.0045,-0.00277034,0.0015,0.0001,1.08145e-05,0.09,0.6,-6.09398e-07,6,0.06,1.20778e-05,0.3,0.0009,-0.013183,0.003,0.1,0.000192831,0.3,0.0009,-0.00593427,0.01,0.0214,0.00697051,0.01,0.1,0.00104159,0.12,0.00024,0.0220404,0.003,0.1,-0.00648615,0.03,0.064,-0.00843393,0.1,0.021,0.016795,0.009,0.0429,0.0142559,1,0.03,0.000516988,1,0.01,0.00115313,0.06,0.2,1.41906e-06,1,0.05,2.67783e-05,0.3,0.006,0.000493879,0.003,0.05,0.00733693
90,98.015,20.4869,55.8123,4.31554,8.66963,149.926,5.51423,580.052,-6.80029e-05,1.34751,-0.000225579,10.3738,-0.000961972,0.0100793,-1.31577e-06,3.01877,-2.14028e-05,100.61,0.000479796,0.0518234,-6.80029e-05,0.215631,-0.000104949,13.2168,0.00561304,4.24971,0.00379992,0.0648637,-2.35345e-05,1.29678,-0.000433543,0.0564939,-1.17696e-05,1.75591,-0.000783439,1.26453,-0.000756858,5.6492,-0.00116292,1.50188,-0.0019187,21.4533,-0.0051426,27.5919,-0.00370951,25.1999,-0.0029756,0.0175553,5.69785e-07,88.4645,0.00939953,1.93833,0.000158122,0.003,0.06,6.80029e-05,0.01,0.06,0.00120258,0.03,0.0045,-0.00259733,0.0015,0.0001,1.04871e-05,0.09,0.6,-5.69785e-07,6,0.06,1.11998e-05,0.3,0.0009,-0.0133086,0.003,0.1,0.000219649,0.3,0.0009,-0.00597135,0.01,0.0214,0.00697444,0.01,0.1,0.000993349,0.12,0.00024,0.0219943,0.003,0.1,-0.00606282,0.03,0.064,-0.00832465,0.1,0.021,0.0166453,0.009,0.0429,0.014263,1,0.03,0.000479796,1,0.01,0.0010983,0.06,0.2,1.31577e-06,1,0.05,2.48503e-05,0.3,0.006,0.000458394,0.003,0.05,0.00681563
91,98.0172,20.4945,55.8043,4.3151,8.66703,149.926,5.51717,580.052,-6.48516e-05,1.34729,-0.000210244,10.3728,-0.000896141,0.010078,-1.22079e-06,3.01874,-1.98311e-05,100.61,0.000445323,0.051757,-6.48516e-05,0.215529,-9.87629e-05,13.2222,0.00522332,4.25338,0.00354366,0.064841,-2.18424e-05,1.29636,-0.000402428,0.0564825,-1.09184e-05,1.75515,-0.000727782,1.2638,-0.000703724,5.64808,-0.00107877,1.50001,-0.00182971,21.4483,-0.00477547,27.5883,-0.00345229,25.197,-0.00277679,0.0175559,5.33095e-07,88.4736,0.00874974,1.93849,0.000147106,0.003,0.06,6.48516e-05,0.01,0.06,0.00110751,0.03,0.0045,-0.00243615,0.0015,0.0001,1.01821e-05,0.09,0.6,-5.33095e-07,6,0.06,1.03853e-05,0.3,0.0009,-0.0134251,0.003,0.1,0.000244573,0.3,0.0009,-0.00600574,0.01,0.0214,0.0069781,0.01,0.1,0.00094728,0.12,0.00024,0.0219515,0.003,0.1,-0.00566908,0.03,0.064,-0.00822253,0.1,0.021,0.0165058,0.009,0.0429,0.0142697,1,0.03,0.000445323,1,0.01,0.00104604,0.06,0.2,1.22079e-06,1,0.05,2.30632e-05,0.3,0.006,0.000425492,0.003,0.05,0.00633083
92,98.0192,20.5016,55.7969,4.3147,8.66461,149.926,5.51992,580.052,-6.18422e-05,1.34709,-0.000195958,10.372,-0.000834939,0.0100769,-1.13307e-06,3.01873,-1.83804e-05,100.61,0.000413359,0.0516937,-6.18422e-05,0.215433,-9.2956e-05,13.2272,0.00486133,4.2568,0.00330459,0.06482,-2.02735e-05,1.29597,-0.000373572,0.056472,-1.01283e-05,1.75445,-0.000676125,1.26312,-0.000654309,5.64704,-0.00100066,1.49822,-0.00174473,21.4437,-0.0044346,27.585,-0.00321339,25.1944,-0.00259119,0.0175564,4.98997e-07,88.482,0.00814531,1.93863,0.000136872,0.003,0.06,6.18422e-05,0.01,0.06,0.00101862,0.03,0.0045,-0.00228597,0.0015,0.0001,9.89814e-06,0.09,0.6,-4.98997e-07,6,0.06,9.6293e-06,0.3,0.0009,-0.0135333,0.003,0.1,0.000267738,0.3,0.0009,-0.00603765,0.01,0.0214,0.00698151,0.01,0.1,0.000903288,0.12,0.00024,0.0219117,0.003,0.1,-0.00530285,0.03,0.064,-0.0081271,0.1,0.021,0.0163758,0.009,0.0429,0.0142759,1,0.03,0.000413359,1,0.01,0.000996244,0.06,0.2,1.13307e-06,1,0.05,2.14066e-05,0.3,0.006,0.000394978,0.003,0.05,0.00587995
93,98.0212,20.5082,55.79,4.31432,8.66236,149.926,5.52248,580.052,-5.89685e-05,1.3469,-0.000182649,10.3712,-0.000778032,0.0100758,-1.05192e-06,3.01871,-1.70394e-05,100.611,0.000383713,0.0516333,-5.89685e-05,0.215343,-8.75044e-05,13.2319,0.00452502,4.25999,0.00308158,0.0648004,-1.88186e-05,1.29561,-0.000346803,0.0564622,-9.39491e-06,1.7538,-0.000628175,1.26249,-0.000608356,5.64608,-0.000928184,1.49652,-0.0016636,21.4394,-0.00411808,27.5819,-0.00299145,25.1919,-0.00241794,0.0175569,4.6728e-07,88.4899,0.00758303,1.93876,0.000127365,0.003,0.06,5.89685e-05,0.01,0.06,0.000935526,0.03,0.0045,-0.00214605,0.0015,0.0001,9.63363e-06,0.09,0.6,-4.6728e-07,6,0.06,8.92763e-06,0.3,0.0009,-0.0136338,0.003,0.1,0.000289272,0.3,0.0009,-0.00606725,0.01,0.0214,0.00698469,0.01,0.1,0.000861282,0.12,0.00024,0.0218747,0.003,0.1,-0.00496216,0.03,0.064,-0.00803795,0.1,0.021,0.0162547,0.009,0.0429,0.0142817,1,0.03,0.000383713,1,0.01,0.000948787,0.06,0.2,1.05192e-06,1,0.05,1.98705e-05,0.3,0.006,0.000366674,0.003,0.05,0.00546055
94,98.023,20.5143,55.7836,4.31397,8.66028,149.926,5.52487,580.052,-5.62248e-05,1.34673,-0.000170251,10.3704,-0.000725107,0.0100748,-9.76332e-07,3.01869,-1.57996e-05,100.611,0.000356214,0.0515757,-5.62248e-05,0.215258,-8.23854e-05,13.2363,0.00421254,4.26297,0.00287357,0.0647823,-1.74698e-05,1.29528,-0.000321969,0.0564532,-8.71403e-06,1.75319,-0.000583664,1.2619,-0.000565625,5.64518,-0.000860919,1.49489,-0.00158613,21.4355,-0.00382418,27.579,-0.00278524,25.1895,-0.00225622,0.0175573,4.37494e-07,88.4972,0.00705994,1.93888,0.00011853,0.003,0.06,5.62248e-05,0.01,0.06,0.000857873,0.03,0.0045,-0.00201569,0.0015,0.0001,9.38728e-06,0.09,0.6,-4.37494e-07,6,0.06,8.27654e-06,0.3,0.0009,-0.0137271,0.003,0.1,0.000309293,0.3,0.0009,-0.00609471,0.01,0.0214,0.00698766,0.01,0.1,0.000821177,0.12,0.00024,0.0218403,0.003,0.1,-0.00464521,0.03,0.064,-0.00795468,0.1,0.021,0.0161419,0.009,0.0429,0.014287,1,0.03,0.000356214,1,0.01,0.000903562,0.06,0.2,9.76332e-07,1,0.05,1.84462e-05,0.3,0.006,0.000340415,0.003,0.05,0.00507041
95,98.0248,20.5201,55.7776,4.31364,8.65834,149.926,5.5271,580.052,-5.36052e-05,1.34656,-0.000158701,10.3697,-0.000675878,0.0100738,-9.05549e-07,3.01868,-1.46517e-05,100.612,0.000330699,0.0515208,-5.36052e-05,0.215178,-7.75777e-05,13.2403,0.00392213,4.26574,0.00267955,0.0647654,-1.62195e-05,1.29497,-0.000298922,0.0564448,-8.08172e-06,1.75263,-0.000542339,1.26136,-0.000525892,5.64435,-0.000798497,1.49334,-0.00151217,21.4318,-0.00355126,27.5763,-0.00259359,25.1873,-0.00210528,0.0175578,4.09344e-07,88.504,0.00657327,1.939,0.000110318,0.003,0.06,5.36052e-05,0.01,0.06,0.000785316,0.03,0.0045,-0.00189424,0.0015,0.0001,9.15784e-06,0.09,0.6,-4.09344e-07,6,0.06,7.67238e-06,0.3,0.0009,-0.0138138,0.003,0.1,0.000327908,0.3,0.0009,-0.00612018,0.01,0.0214,0.00699043,0.01,0.1,0.000782889,0.12,0.00024,0.0218084,0.003,0.1,-0.00435032,0.03,0.064,-0.00787691,0.1,0.021,0.0160367,0.009,0.0429,0.014292,1,0.03,0.000330699,1,0.01,0.000860466,0.06,0.2,9.05549e-07,1,0.05,1.7125e-05,0.3,0.006,0.000316047,0.003,0.05,0.00470745
96,98.0265,20.5254,55.7721,4.31334,8.65654,149.926,5.52918,580.051,-5.11044e-05,1.34641,-0.000147939,10.3691,-0.000630079,0.0100729,-8.39876e-07,3.01866,-1.35897e-05,100.612,0.000307023,0.0514685,-5.11044e-05,0.215103,-7.30617e-05,13.2441,0.0036522,4.26833,0.00249861,0.0647498,-1.50592e-05,1.29468,-0.000277535,0.056437,-7.49506e-06,1.75211,-0.00050397,1.26085,-0.000488948,5.64358,-0.000740571,1.49187,-0.00144157,21.4284,-0.00329784,27.5738,-0.00241546,25.1853,-0.00196441,0.0175581,3.82998e-07,88.5103,0.00612048,1.9391,0.000102687,0.003,0.06,5.11044e-05,0.01,0.06,0.000717534,0.03,0.0045,-0.00178108,0.0015,0.0001,8.94414e-06,0.09,0.6,-3.82998e-07,6,0.06,7.11207e-06,0.3,0.0009,-0.0138942,0.003,0.1,0.00034522,0.3,0.0009,-0.00614382,0.01,0.0214,0.00699301,0.01,0.1,0.000746339,0.12,0.00024,0.0217786,0.003,0.1,-0.00407593,0.03,0.064,-0.00780429,0.1,0.021,0.0159388,0.009,0.0429,0.0142967,1,0.03,0.000307023,1,0.01,0.0008194,0.06,0.2,8.39876e-07,1,0.05,1.58991e-05,0.3,0.006,0.000293434,0.003,0.05,0.00436973
97,98.0281,20.5304,55.7669,4.31306,8.65487,149.926,5.53112,580.051,-4.87173e-05,1.34627,-0.00013791,10.3684,-0.000587462,0.0100721,-7.79127e-07,3.01865,-1.26073e-05,100.612,0.000285052,0.0514186,-4.87173e-05,0.215032,-6.88189e-05,13.2476,0.00340126,4.27074,0.00232987,0.0647353,-1.3982e-05,1.29441,-0.000257684,0.0564298,-6.95103e-06,1.75162,-0.000468341,1.26038,-0.000454599,5.64287,-0.000686817,1.49046,-0.00137418,21.4252,-0.00306249,27.5715,-0.00224986,25.1834,-0.00183296,0.0175585,3.5839e-07,88.5162,0.00569917,1.9392,9.55942e-05,0.003,0.06,4.87173e-05,0.01,0.06,0.000654224,0.03,0.0045,-0.00167565,0.0015,0.0001,8.7451e-06,0.09,0.6,-3.5839e-07,6,0.06,6.59263e-06,0.3,0.0009,-0.0139689,0.003,0.1,0.00036132,0.3,0.0009,-0.00616575,0.01,0.0214,0.00699542,0.01,0.1,0.000711451,0.12,0.00024,0.021751,0.003,0.1,-0.0038206,0.03,0.064,-0.00773649,0.1,0.021,0.0158475,0.009,0.0429,0.014301,1,0.03,0.000285052,1,0.01,0.000780269,0.06,0.2,7.79127e-07,1,0.05,1.47611e-05,0.3,0.006,0.000272445,0.003,0.05,0.00405549
98,98.0296,20.535,55.7621,4.3128,8.65332,149.926,5.53293,580.051,-4.64388e-05,1.34613,-0.000128566,10.3679,-0.000547802,0.0100714,-7.23145e-07,3.01864,-1.16978e-05,100.612,0.000264661,0.051371,-4.64388e-05,0.214965,-6.48319e-05,13.2509,0.00316795,4.27299,0.00217252,0.0647218,-1.29816e-05,1.29416,-0.000239258,0.0564231,-6.44641e-06,1.75117,-0.000435255,1.25994,-0.000422662,5.64221,-0.000636938,1.48912,-0.00130986,21.4222,-0.00284395,27.5693,-0.00209589,25.1816,-0.0017103,0.0175589,3.35583e-07,88.5217,0.00530715,1.9393,8.90008e-05,0.003,0.06,4.64388e-05,0.01,0.06,0.000595101,0.03,0.0045,-0.00157742,0.0015,0.0001,8.55971e-06,0.09,0.6,-3.35583e-07,6,0.06,6.11082e-06,0.3,0.0009,-0.0140383,0.003,0.1,0.000376296,0.3,0.0009,-0.00618611,0.01,0.0214,0.00699766,0.01,0.1,0.000678152,0.12,0.00024,0.0217254,0.003,0.1,-0.00358298,0.03,0.064,-0.0076732,0.1,0.021,0.0157625,0.009,0.0429,0.014305,1,0.03,0.000264661,1,0.01,0.000742984,0.06,0.2,7.23145e-07,1,0.05,1.37048e-05,0.3,0.006,0.000252963,0.003,0.05,0.00376305
99,98.031,20.5394,55.7576,4.31256,8.65188,149.926,5.53462,580.051,-4.42641e-05,1.34601,-0.000119859,10.3674,-0.000510887,0.0100707,-6.72098e-07,3.01863,-1.08561e-05,100.613,0.000245736,0.0513257,-4.42641e-05,0.214902,-6.10848e-05,13.254,0.00295099,4.27509,0.0020258,0.0647093,-1.2052e-05,1.29393,-0.000222156,0.0564169,-5.97857e-06,1.75075,-0.000404526,1.25953,-0.000392969,5.64159,-0.000590654,1.48784,-0.00124848,21.4195,-0.00264099,27.5673,-0.0019527,25.18,-0.00159584,0.0175592,3.14727e-07,88.5269,0.00494236,1.93938,8.28715e-05,0.003,0.06,4.42641e-05,0.01,0.06,0.000539894,0.03,0.0045,-0.0014859,0.0015,0.0001,8.38703e-06,0.09,0.6,-3.14727e-07,6,0.06,5.66385e-06,0.3,0.0009,-0.0141027,0.003,0.1,0.000390227,0.3,0.0009,-0.00620499,0.01,0.0214,0.00699974,0.01,0.1,0.000646372,0.12,0.00024,0.0217015,0.003,0.1,-0.00336184,0.03,0.064,-0.00761412,0.1,0.021,0.0156832,0.009,0.0429,0.0143088,1,0.03,0.000245736,1,0.01,0.000707457,0.06,0.2,6.72098e-07,1,0.05,1.27241e-05,0.3,0.006,0.00023488,0.003,0.05,0.00349088
100,98.0324,20.5434,55.7534,4.31233,8.65054,149.926,5.5362,580.051,-4.21887e-05,1.34589,-0.000111746,10.3669,-0.000476522,0.01007,-6.24816e-07,3.01862,-1.00763e-05,100.613,0.000228169,0.0512824,-4.21887e-05,0.214843,-5.75625e-05,13.2568,0.00274921,4.27705,0.00188898,0.0646977,-1.11891e-05,1.29372,-0.000206279,0.0564111,-5.54437e-06,1.75036,-0.000375985,1.25915,-0.000365362,5.64103,-0.000547709,1.48662,-0.0011899,21.417,-0.00245252,27.5654,-0.00181953,25.1784,-0.00148905,0.0175595,2.95278e-07,88.5316,0.00460288,1.93946,7.71724e-05,0.003,0.06,4.21887e-05,0.01,0.06,0.000488354,0.03,0.0045,-0.00140063,0.0015,0.0001,8.22619e-06,0.09,0.6,-2.95278e-07,6,0.06,5.24909e-06,0.3,0.0009,-0.0141625,0.003,0.1,0.000403188,0.3,0.0009,-0.00622252,0.01,0.0214,0.00700169,0.01,0.1,0.000616045,0.12,0.00024,0.0216793,0.003,0.1,-0.003156,0.03,0.064,-0.00755899,0.1,0.021,0.0156094,0.009,0.0429,0.0143123,1,0.03,0.000228169,1,0.01,0.000673608,0.06,0.2,6.24816e-07,1,0.05,1.18139e-05,0.3,0.006,0.000218093,0.003,0.05,0.00323756
