,Time,RasGDP,GAP,RasGTP,Ras_Raf
0,0.0,19800.0,15000.0,200.0,0.0
1,0.001,19804.08551800169,14990.095705440272,186.00995819442667,0.00022924414646140483
2,0.002,19812.837854302852,14986.23706334561,173.39876700141744,0.00044204133006361246
3,0.003,19823.26254499801,14985.088208830644,161.82502397857164,0.0006398540527450629
4,0.004,19834.025945064248,14985.13335937183,151.10659046612938,0.0008238414445402236
5,0.005,19844.547696437632,14985.684101262854,141.13540983278986,0.0009949924169360312
6,0.006,19854.59055571822,14986.430650395652,131.8389404895251,0.0011541879005857705
7,0.007,19864.07009562753,14987.233567485015,123.1621696258162,0.0013022316633090692
8,0.008,19872.97109296496,14988.03213855033,115.05960571959206,0.0014398657725162725
9,0.009,19881.30714790972,14988.800032229317,107.4913165398949,0.0015677796967146834
10,0.01,19889.104746168123,14989.527699639464,100.42126685570204,0.001686615636939066
11,0.011,19896.39406037577,14990.212133955263,93.81627660651712,0.0017969729695124462
12,0.012,19903.20619494985,14990.853703690047,87.64560932890501,0.0018994112795826862
13,0.013,19909.571454206274,14991.454105017696,81.88065635818158,0.001994453226081589
14,0.014,19915.518697263087,14992.01551265343,76.49473280326119,0.002082587069790141
15,0.015,19921.075166207807,14992.540257869641,71.46292739285454,0.0021642689665256907
16,0.016,19926.266413031917,14993.030621485117,66.76196852806707,0.0022399251246084336
17,0.017,19931.11639005859,14993.488809685086,62.370109672622085,0.002309953865815587
18,0.018,19935.647492816694,14993.916911332908,58.267043789075636,0.0023747271306205388
19,0.019,19939.880701654605,14994.316898167377,54.43376191969891,0.002434593062936529
20,0.02,19943.835640574907,14994.69060907315,50.85247862088469,0.0024898773508724593
21,0.021,19947.53058227604,14995.039775289722,47.5066521307877,0.0025408828901704646
22,0.022,19950.98246029891,14995.36601007956,44.38096189046165,0.0025878901817440896
23,0.023,19954.20741990903,14995.670815575168,41.460764498846885,0.0026311672768399206
24,0.024,19957.220225441306,14995.955582633505,38.732686233238155,0.002670958954631554
25,0.025,19960.03490162921,14996.221632650566,36.184023523625676,0.002707497722718422
26,0.026,19962.66436734255,14996.470180197974,33.80307185765064,0.002740997764442269
27,0.027,19965.120882825908,14996.702385564378,31.57873107625218,0.0027716622107632296
28,0.028,19967.415782514265,14996.919318768856,29.500736575716793,0.0027996788702700864
29,0.029,19969.5596849338,14997.121984896634,27.559474739192943,0.002825223631089251
30,0.03,19971.562573468764,14997.31132624547,25.74590431480805,0.002848461893739802
31,0.031,19973.433646357567,14997.488212526832,24.051696623250105,0.0028695460045621104
32,0.032,19975.18159836758,14997.653464073044,22.468977085463422,0.002888619993454342
33,0.033,19976.814483791273,14997.807840720614,20.990451112070183,0.002905817266588355
34,0.034,19978.339914815737,14997.952061340877,19.609225261244564,0.002921263888143723
35,0.035,19979.76497096061,14998.08679404089,18.318888003182742,0.002935077097005281
36,0.036,19981.09623761519,14998.212661456626,17.113476475507127,0.0029473659183469267
37,0.037,19982.33991086504,14998.330249017346,15.987379919366145,0.002958232932088353
38,0.038,19983.50177863003,14998.440104038247,14.935357634267225,0.0029677739444955932
39,0.039,19984.58720454318,14998.542733207554,13.952552586633768,0.002976077736469385
40,0.04,19985.601211279973,14998.638611092794,13.034416585382289,0.002983227436694289
41,0.041,19986.548507938453,14998.72818257868,12.176685339244353,0.0029893009779914915
42,0.042,19987.43347908653,14998.811861692555,11.375388235099846,0.002994370917728375
43,0.043,19988.260209785614,14998.890034603166,10.626826312703132,0.0029985048422184702
44,0.044,19989.032534118614,14998.963063614681,9.927527729879387,0.003001766181946949
45,0.045,19989.754043153654,14999.03128832196,9.27424095396327,0.003004214336671651
46,0.046,19990.428070438717,14999.095023792093,8.663947448926937,0.0030059044418457867
47,0.047,19991.05774358362,14999.154565769291,8.093815297446598,0.0030068882190274486
48,0.048,19991.645984871822,14999.210190426755,7.561198340932038,0.003007213990647604
49,0.049,19992.195524208943,14999.262155747767,7.063624611924471,0.003006926892204268
50,0.05,19992.7089005959,14999.310701775215,6.59879511041377,0.003006068894554854
51,0.051,19993.188492017885,14999.356053227104,6.164556529907825,0.003004679303142159
52,0.052,19993.63652323984,14999.398420425696,5.758894390967348,0.0030027948839447703
53,0.053,19994.05507514646,14999.438000094546,5.379924498057158,0.003000450019619073
54,0.054,19994.446081788654,14999.474975098845,5.025895633524348,0.002997676660115768
55,0.055,19994.81135896082,14999.509517177848,4.695163712230351,0.002994504795984041
56,0.056,19995.15260077472,14999.54178652935,4.386194792218754,0.0029909624029215483
57,0.057,19995.47138600278,14999.571932386845,4.097559308514968,0.00298707554721935
58,0.058,19995.769196719757,14999.600094896601,3.8279153081493162,0.002982868692945791
59,0.059,19996.04740793496,14999.626404046565,3.5760177470703365,0.002978364531386997
60,0.06,19996.307314046146,14999.650982167812,3.340694537244251,0.0029735844196013047
61,0.061,19996.550114572383,14999.673942720268,3.1208595997435853,0.0029685481415893155
62,0.062,19996.776938672207,14999.69539244174,2.915490495209078,0.002963274317462943
63,0.063,19996.98883582078,14999.715430574222,2.723636973193906,0.0029577802470888556
64,0.064,19997.186788418458,14999.734150035327,2.5444095347445925,0.002952082119368124
65,0.065,19997.371715662754,14999.751637759266,2.3769759014322576,0.0029461950767828214
66,0.066,19997.544472239468,14999.76797454911,2.2205621764417067,0.0029401331940609398
67,0.067,19997.70586229376,14999.78323646105,2.0744402575810943,0.00293390970864508
68,0.068,19997.85663052027,14999.79749390187,1.9379358447230133,0.0029275368739816324
69,0.069,19997.997478877653,14999.810813232285,1.8104133283940933,0.0029210262361159143
70,0.07,19998.129057759266,14999.823255965737,1.6912838179789567,0.002914388486798899
71,0.071,19998.251978509856,14999.83487990236,1.5799937588286757,0.002907633671681346
72,0.072,19998.366810655054,14999.845738898717,1.4760274725128855,0.002900771143878012
73,0.073,19998.474085788537,14999.855883234788,1.3789036366171177,0.002893809628363615
74,0.074,19998.57430245682,14999.865360062742,1.288170848622656,0.0028867573031022636
75,0.075,19998.66792355583,14999.874213151015,1.2034099734280383,0.002879621756073909
76,0.076,19998.75538497893,14999.882483729563,1.1242263405040842,0.002872410128073569
77,0.077,19998.837090237703,14999.890209951172,1.0502545844475941,0.0028651290240802544
78,0.078,19998.913419660952,14999.897427777983,0.9811503323628232,0.00285778466537408
79,0.079,19998.984726204853,14999.904170589129,0.9165940014495291,0.002850382820047672
80,0.08,19999.051340614013,14999.910469659846,0.8562861169440841,0.0028429288886452817
81,0.081,19999.113571990434,14999.9163542193,0.7999468009488928,0.002835427913517679
82,0.082,19999.1717080775,14999.921851483336,0.7473155212497158,0.002827884583422314
83,0.083,19999.226019249756,14999.92698702329,0.6981474702318725,0.002820303299744559
84,0.084,19999.27675622759,14999.931784547802,0.6522156320699176,0.0028126881386807264
85,0.085,19999.324155242855,14999.936266401683,0.6093061158862865,0.0028050429366175203
86,0.086,19999.368434981396,14999.940453263389,0.5692209107554493,0.0027973712397109346
87,0.087,19999.409801432586,14999.944364612576,0.5317735036067558,0.0027896763840603387
88,0.088,19999.44844611429,14999.948018560694,0.4967904849345102,0.002781961466327863
89,0.089,19999.484547995307,14999.951432032238,0.4641098075512893,0.0027742293755871478
90,0.09,19999.51827478745,14999.954620886243,0.43357961597300276,0.0027664828147340916
91,0.091,19999.549782284208,14999.957599858124,0.4050588496232727,0.0027587242894574378
92,0.092,19999.57921709846,14999.960382813704,0.378414759086114,0.0027509561536603585
93,0.093,19999.606715045113,14999.962982596704,0.35352437100685896,0.002743180582666736
94,0.094,19999.63240408947,14999.965411310794,0.3302718217007945,0.0027353996219937706
95,0.095,19999.656402927933,14999.967680180624,0.3085496375296384,0.0027276151639252836
96,0.096,19999.678822950147,14999.96979974014,0.28825696100950005,0.0027198289799605043
97,0.097,19999.69976810679,14999.971779819964,0.2692996704555494,0.0027120427186240036
98,0.098,19999.7193352643,14999.973629580707,0.25159005849172517,0.002704257911344324
99,0.099,19999.737615388138,14999.975357624297,0.23504576016468814,0.0026964759920579903
100,0.1,19999.754692851035,14999.976971930833,0.21959038151067437,0.0026886982857145707
101,0.101,19999.770647137862,14999.978480017342,0.20515195344504603,0.002680926036551125
102,0.102,19999.785551831003,14999.979888842614,0.1916638512238181,0.0026731603912755987
103,0.103,19999.79947625215,14999.981204963231,0.17906330865278608,0.002665402426241873
104,0.104,19999.8124848075,14999.982434470176,0.16729200954526321,0.002657653136629404
105,0.105,19999.824637756476,14999.983583062145,0.15629539221849942,0.00264991344916391
106,0.106,19999.835991501364,14999.984656073246,0.14602238765474748,0.0026421842269060353
107,0.107,19999.846598484273,14999.985658462949,0.1364255124135903,0.0026344662675507895
108,0.108,19999.856508030203,14999.986594895672,0.12746010515107378,0.0026267603173905263
109,0.109,19999.865765842325,14999.987469693993,0.1190847846088999,0.00261906706293902
110,0.11,19999.87441498962,14999.988286930959,0.11126055419260994,0.0026113871473061817
111,0.111,19999.882495383878,14999.98905038117,0.10395127613182144,0.0026037211615259305
112,0.112,19999.890044537704,14999.98976359251,0.09712298515405562,0.0025960696571081412
113,0.113,19999.89709740461,14999.990429870686,0.0907440329350306,0.0025884331433955903
114,0.114,19999.903686594593,14999.991052299623,0.08478489293765575,0.002580812091132691
115,0.115,19999.90984270271,14999.991633772832,0.07921786318444901,0.0025732069379013536
116,0.116,19999.91559412684,14999.992176975918,0.0740172309978212,0.002565618085107044
117,0.117,19999.920967607526,14999.99268443766,0.06915878422900006,0.0025580459069173846
118,0.118,19999.92598790546,14999.99315849987,0.06462010366650392,0.002550490744914177
119,0.119,19999.930678350887,14999.993601368878,0.06038006507712683,0.002542952917199353
120,0.12,19999.935060603053,14999.99401509309,0.056419057321578515,0.00253543271440562
121,0.121,19999.939154952717,14999.994401591528,0.052718708406902196,0.0025279304047060463
122,0.122,19999.942980368338,14999.994762658136,0.049261843567127934,0.002520446234580008
123,0.123,19999.946554502225,14999.995099962309,0.046032479655279415,0.002512980428915057
124,0.124,19999.949893946567,14999.995415073256,0.04301559349561651,0.0025055331952431818
125,0.125,19999.95301408223,14999.99570944556,0.040197258604779816,0.0024981047212395122
126,0.126,19999.9559294026,14999.995984449846,0.03756435206686283,0.0024906951800827146
127,0.127,19999.95865332774,14999.996241355326,0.035104722861886824,0.00248330472737607
128,0.128,19999.96119849169,14999.99648135681,0.032806931612836696,0.0024759335059063407
129,0.129,19999.963576646893,14999.996705565754,0.030660337213085143,0.0024685816440590583
130,0.13,19999.965798772373,14999.99691502051,0.028654998878828577,0.002461249257609258
131,0.131,19999.967875158705,14999.997110694303,0.026781599143301235,0.0024539364511291907
132,0.132,19999.969815363842,14999.997293491042,0.02503148387930304,0.0024466433172557404
133,0.133,19999.97162838399,14999.997464261545,0.023396507606116397,0.0024393699395191064
134,0.134,19999.973322551316,14999.997623793788,0.021869126075389086,0.002432116390648836
135,0.135,19999.9749057171,14999.997772830278,0.020442230439714017,0.0024248827356061404
136,0.136,19999.97638516482,14999.997912059836,0.019109225981451962,0.002417669030143533
137,0.137,19999.977767727156,14999.99804212864,0.01786392615967654,0.0024104753227419205
138,0.138,19999.97905978273,14999.99816363993,0.016700555538894386,0.0024033016545565184
139,0.139,19999.98026727393,14999.998277155699,0.015613733701646234,0.0023961480597105207
140,0.14,19999.98139578201,14999.998383203787,0.014598407200207053,0.0023890145665389937
141,0.141,19999.982450483356,14999.998482273733,0.013649889174359628,0.002381901196863773
142,0.142,19999.983436254715,14999.998574826754,0.012763764064787148,0.002374807967735574
143,0.143,19999.98435761055,14999.998661289785,0.011935944341537141,0.0023677348903959256
144,0.144,19999.985218803915,14999.998742065045,0.011162579150857265,0.0023606819719473315
145,0.145,19999.986023786874,14999.998817526284,0.010440090193985585,0.0023536492146965624
146,0.146,19999.98677625595,14999.998888023096,0.009765130524721229,0.0023466366169076157
147,0.147,19999.987479672072,14999.998953882772,0.009134566521095082,0.0023396441731308695
148,0.148,19999.988137252436,14999.99901540958,0.008545485267102297,0.0023326718740675568
149,0.149,19999.98875202343,14999.999072889736,0.007995146593390125,0.0023257197074462725
150,0.15,19999.989326789022,14999.9991265884,0.007481011717855926,0.0023187876574986685
151,0.151,19999.98986419149,14999.999176755477,0.007000688276979915,0.002311875705964165
152,0.152,19999.99036667998,14999.99922362257,0.006551958756526976,0.0023049838315694687
153,0.153,19999.99083655553,14999.9992674073,0.006132739752146499,0.0022981120107730692
154,0.154,19999.991275963046,14999.999308312503,0.005741089238537975,0.002291260217631768
155,0.155,19999.99168690302,14999.999346527375,0.005375195926789365,0.002284428423994767
156,0.156,19999.992071252793,14999.999382229447,0.005033360054289902,0.0022776165998544336
157,0.157,19999.99243075456,14999.999415583483,0.004714004216326973,0.0022708247131477057
158,0.158,19999.992767049036,14999.999446744652,0.004415642885564521,0.0022640527303129355
159,0.159,19999.993081655386,14999.999475856615,0.004136900620967354,0.0022573006159563986
160,0.16,19999.993376004924,14999.999503054732,0.0038764814799214886,0.002250568333411106
161,0.161,19999.993651426747,14999.9995284647,0.003633182109674417,0.0022438558444968846
162,0.162,19999.993909165558,14999.999552204223,0.003405875553454844,0.0022371631098159826
163,0.163,19999.994150385322,14999.999574383379,0.00319350796726588,0.002230490088812583
164,0.164,19999.99437616899,14999.999595104578,0.0029950988455210476,0.0022238367397681646
165,0.165,19999.994587534668,14999.9996144641,0.0028097264164286596,0.0022172030200680254
166,0.166,19999.994785426,14999.999632551186,0.0026365363037119667,0.002210588886042405
167,0.167,19999.994970732223,14999.999649449926,0.0024747234096390014,0.0022039942932972167
168,0.168,19999.995144276894,14999.999665238207,0.0023235421154221753,0.0021974191965270467
169,0.169,19999.995306835004,14999.999679989307,0.002182290756643613,0.0021908635497984784
170,0.17,19999.995459127767,14999.999693771439,0.002050316359569581,0.0021843273064630015
171,0.171,19999.99560182875,14999.999706648292,0.0019270091254051582,0.0021778104192573425
172,0.172,19999.99573556939,14999.99971867958,0.001811797351993647,0.002171312840395811
173,0.173,19999.99586093611,14999.999729920759,0.001704150128008829,0.0021648345215205395
174,0.174,19999.99597848093,14999.999740424028,0.0016035676891796972,0.0021583754138772867
175,0.175,19999.99608871507,14999.99975023773,0.001509587191546955,0.002151935468209396
176,0.176,19999.99619212028,14999.999759407421,0.0014217725068130882,0.0021455146349438486
177,0.177,19999.996289143528,14999.999767975365,0.001339718974565157,0.0021391128641038916
178,0.178,19999.996380203982,14999.9997759812,0.0012630471100042976,0.002132730105423568
179,0.179,19999.99646569311,14999.999783461946,0.001191402524201739,0.0021263663083486745
180,0.18,19999.996545975497,14999.999790452071,0.0011244551545043651,0.0021200214220503393
181,0.181,19999.996621393635,14999.99979698397,0.0010618949370824996,0.002113695395503631
182,0.182,19999.99669226515,14999.999803087667,0.0010034343369802459,0.0021073881774408203
183,0.183,19999.9967588893,14999.999808791465,0.0009488024433087869,0.002101099716458816
184,0.184,19999.99682154311,14999.999814121556,0.0008977484784738206,0.002094829960954541
185,0.185,19999.996880487553,14999.999819102613,0.0008500361932413819,0.0020885788592268795
186,0.186,19999.99693596519,14999.999823757575,0.0008054460226179211,0.002082346359436793
187,0.187,19999.99698820281,14999.99982810788,0.0007637726554134439,0.0020761324096512496
188,0.188,19999.99703741285,14999.999832173617,0.0007248238131278637,0.002069936957865059
189,0.189,19999.997083792696,14999.99983597345,0.0006884207964981359,0.0020637599519904
190,0.19,19999.99712752812,14999.99983952494,0.0006543954795943021,0.0020576013399112632
191,0.191,19999.99716879118,14999.999842844354,0.0006225921065464711,0.0020514610694501514
192,0.192,19999.99720774403,14999.999845947024,0.0005928639052401097,0.0020453390884294567
193,0.193,19999.99724453701,14999.999848847161,0.0005650748028640291,0.002039235344639656
194,0.194,19999.997279311327,14999.999851558117,0.0005390970037755365,0.0020331497858830745
195,0.195,19999.99731219863,14999.999854092333,0.000514811339496038,0.0020270823599670197
196,0.196,19999.99734332171,14999.999856461422,0.0004921066959080133,0.002021033014713774
197,0.197,19999.997372795795,14999.999858676272,0.0004708787779323732,0.002015001697982681
198,0.198,19999.997400727825,14999.999860746993,0.00045103081280952915,0.0020089883576568384
199,0.199,19999.997427218506,14999.999862683106,0.00043247165524236,0.0020029929416772213
200,0.2,19999.9974523611,14999.999864493422,0.0004151169187038472,0.001997015398021569
201,0.201,19999.997476243476,14999.999866186252,0.00039888709581756585,0.0019910556747382243
202,0.202,19999.997498947236,14999.999867769302,0.000383708346472744,0.0019851137199312914
203,0.203,19999.997520548775,14999.999869249796,0.00036951153971921533,0.001979189481777656
204,0.204,19999.997541119566,14999.999870634485,0.00035623200973424986,0.0019732829085309755
205,0.205,19999.9975607261,14999.999871929655,0.00034380960439821956,0.0019673939485203382
206,0.206,19999.997579430896,14999.999873141212,0.000332187765545171,0.0019615225501665775
207,0.207,19999.997597291895,14999.999874274634,0.0003213140756404016,0.001955668661971847
208,0.208,19999.997614363703,14999.999875335076,0.0003111391401024632,0.0019498322325395465
209,0.209,19999.997630696907,14999.999876327322,0.0003016172037729235,0.0019440132105626288
210,0.21,19999.997646339096,14999.999877255861,0.00029270522596871416,0.0019382115448400032
211,0.211,19999.997661334564,14999.999878124885,0.00028436313618461484,0.0019324271842714278
212,0.212,19999.997675724695,14999.999878938295,0.0002765535252654435,0.0019266600778626872
213,0.213,19999.99768954828,14999.999879699762,0.00026924131256288164,0.0019209101747311994
214,0.214,19999.997702841338,14999.999880412684,0.000262393925922304,0.0019151774241023
215,0.215,19999.99771563779,14999.999881080263,0.0002559807004597873,0.0019094617753197326
216,0.216,19999.997727969057,14999.99988170547,0.000249973238386945,0.001903763177838664
217,0.217,19999.99773986473,14999.999882291095,0.00024434478138461,0.0018980815812366491
218,0.218,19999.997751352304,14999.999882839733,0.0002390704970231751,0.0018924169352079903
219,0.219,19999.997762457522,14999.999883353816,0.00023412710552338573,0.0018867691895700727
220,0.22,19999.99777320446,14999.999883835617,0.0002294928592070692,0.0018811382942633041
221,0.221,19999.99778361554,14999.999884287245,0.00022514750825455168,0.0018755241993512971
222,0.222,19999.997793711813,14999.999884710698,0.00022107202615013948,0.0018699268550254145
223,0.223,19999.997803512826,14999.999885107809,0.0002172487708961077,0.0018643462116014133
224,0.224,19999.99781303698,14999.999885480318,0.00021366111911871717,0.0018587822195256403
225,0.225,19999.997822301317,14999.99988582983,0.00021029368319259824,0.0018532348293706707
226,0.226,19999.997831321907,14999.999886157866,0.00020713196732725927,0.0018477039918410989
227,0.227,19999.99784011367,14999.999886465826,0.00020416249707248208,0.0018421896577707692
228,0.228,19999.997848690575,14999.999886755026,0.00020137267608749852,0.0018366917781249363
229,0.229,19999.997857065697,14999.999887026705,0.00019875070432450774,0.0018312103040013146
230,0.23,19999.997865251204,14999.999887281998,0.0001962856171112001,0.0018257451866289503
231,0.231,19999.997873258522,14999.999887521995,0.00019396709701573523,0.0018202963773711854
232,0.232,19999.997881098272,14999.999887747685,0.00019178558638154318,0.0018148638277232121
233,0.233,19999.997888780443,14999.99988796001,0.00018973207877505388,0.0018094474893153986
234,0.234,19999.997896314315,14999.999888159848,0.0001877982225151504,0.0018040473139110122
235,0.235,19999.997903708583,14999.99988834801,0.00018597617669817307,0.0017986632534083826
236,0.236,19999.99791097138,14999.999888525266,0.00018425862691957484,0.0017932952598402015
237,0.237,19999.997918110286,14999.999888692324,0.00018263875493970328,0.0017879432853736515
238,0.238,19999.997925132415,14999.999888849856,0.00018111015949482501,0.001782607282311403
239,0.239,19999.997932044378,14999.99988899848,0.00017966690174244456,0.0017772872030903926
240,0.24,19999.997938852393,14999.999889138782,0.00017830338756150978,0.0017719830002835037
241,0.241,19999.997945562238,14999.999889271301,0.0001770144377601713,0.0017666946265979097
242,0.242,19999.997952179343,14999.999889396548,0.0001757951726196327,0.00176142203487671
243,0.243,19999.997958708762,14999.999889514998,0.00017464105931807648,0.0017561651780976836
244,0.244,19999.997965155224,14999.99988962709,0.00017354785528191313,0.0017509240093738793
245,0.245,19999.99797152317,14999.999889733243,0.00017251159066020957,0.0017456984819535209
246,0.246,19999.997977816718,14999.999889833838,0.00017152857338647193,0.0017404885492195116
247,0.247,19999.997984039746,14999.99988992924,0.00017059533367697036,0.0017352941646900026
248,0.248,19999.99799019583,14999.999890019784,0.00016970867416844684,0.001730115282017122
249,0.249,19999.99799628835,14999.999890105784,0.00016886557996514018,0.00172495185498813
250,0.25,19999.998002320455,14999.999890187533,0.0001680632417693869,0.0017198038375246217
251,0.251,19999.998008295093,14999.999890265308,0.0001672990301008941,0.001714671183682571
252,0.252,19999.998014215038,14999.999890339363,0.00016657047676079694,0.0017095538476522606
253,0.253,19999.998020082898,14999.999890409941,0.00016587525927581193,0.001704451783758144
254,0.254,19999.998025901143,14999.999890477273,0.00016521118433355614,0.001699364946458727
255,0.255,19999.998031672116,14999.999890541574,0.00016457616943058655,0.0016942932903464957
256,0.256,19999.998037397854,14999.999890603034,0.00016396841244394248,0.0016892367701446054
257,0.257,19999.998043080235,14999.99989066183,0.0001633862519586588,0.0016841953407088829
258,0.258,19999.998048721238,14999.999890718138,0.00016282794275128003,0.0016791689570312758
259,0.259,19999.99805432263,14999.999890772124,0.00016229191902288344,0.0016741575742349449
260,0.26,19999.998059885977,14999.999890823934,0.00016177680685986682,0.001669161147573714
261,0.261,19999.998065412754,14999.999890873698,0.00016128131230762468,0.0016641796324335357
262,0.262,19999.99807090443,14999.999890921556,0.0001608041419779052,0.0016592129843334138
263,0.263,19999.998076362357,14999.999890967629,0.00016034411657979306,0.0016542611589231342
264,0.264,19999.998081787726,14999.999891012027,0.0001599001899550603,0.0016493241119826382
265,0.265,19999.998087181688,14999.999891054851,0.00015947136320385523,0.001644401799422963
266,0.266,19999.99809254537,14999.999891096208,0.00015905666161931153,0.0016394941772862172
267,0.267,19999.998097879805,14999.999891136189,0.00015865518335208891,0.0016346012017444513
268,0.268,19999.99810318591,14999.999891174879,0.0001582661396613306,0.0016297228290986915
269,0.269,19999.998108464577,14999.999891212354,0.00015788875931156817,0.001624859015779985
270,0.27,19999.998113716687,14999.999891248694,0.00015752229059172164,0.0016200097183489985
271,0.271,19999.998118943047,14999.999891283975,0.00015716603374625056,0.0016151748934951533
272,0.272,19999.99812414435,14999.999891318255,0.0001568194074044155,0.0016103544980352307
273,0.273,19999.998129321295,14999.999891351597,0.00015648181399415613,0.0016055484889150446
274,0.274,19999.99813447457,14999.999891384066,0.00015615267299298245,0.001600756823208556
275,0.275,19999.9981396048,14999.999891415708,0.00015583144697107513,0.0015959794581170976
276,0.276,19999.998144712517,14999.999891446578,0.00015551770351610343,0.0015912163509680967
277,0.277,19999.99814979828,14999.999891476718,0.00015521098032558983,0.0015864674592166801
278,0.278,19999.9981548626,14999.999891506179,0.00015491083933384715,0.0015817327404445008
279,0.279,19999.998159905972,14999.999891534997,0.0001546168759375754,0.0015770121523592303
280,0.28,19999.998164928806,14999.999891563213,0.0001543287557678052,0.0015723056527937626
281,0.281,19999.998169931532,14999.999891590862,0.00015404612565410273,0.0015676131997069346
282,0.282,19999.99817491457,14999.999891617974,0.0001537686584000957,0.001562934751182608
283,0.283,19999.99817987827,14999.999891644587,0.00015349604934187483,0.0015582702654293472
284,0.284,19999.998184822984,14999.999891670725,0.00015322803827840024,0.001553619700779921
285,0.285,19999.998189749043,14999.999891696414,0.00015296435547066008,0.001548983015691335
286,0.286,19999.99819465676,14999.999891721685,0.00015270475245377863,0.001544360168744253
287,0.287,19999.99819954644,14999.999891746558,0.00015244899510649952,0.0015397511186426883
288,0.288,19999.99820441834,14999.999891771058,0.00015219688964712168,0.00153515582421348
289,0.289,19999.99820927273,14999.9998917952,0.00015194822468219364,0.001530574244406317
290,0.29,19999.998214109866,14999.99989181901,0.00015170280898639201,0.0015260063382931328
291,0.291,19999.99821892998,14999.999891842506,0.00015146046161306195,0.0015214520650678148
292,0.292,19999.998223733273,14999.999891865698,0.00015122104052938206,0.0015169113840456283
293,0.293,19999.998228519977,14999.999891888612,0.00015098437985742685,0.0015123842546633367
294,0.294,19999.998233290287,14999.999891911255,0.00015075033305658638,0.0015078706364785152
295,0.295,19999.998238044398,14999.999891933647,0.00015051876234709567,0.0015033704891692788
296,0.296,19999.99824278246,14999.999891955797,0.00015028955915557304,0.0014988837725338267
297,0.297,19999.99824750467,14999.999891977715,0.00015006259710689948,0.0014944104464903179
298,0.298,19999.998252211186,14999.999891999418,0.00014983776508301782,0.0014899504710763562
299,0.299,19999.998256902156,14999.999892020916,0.00014961495934010124,0.0014855038064486878
300,0.3,19999.99826157771,14999.999892042215,0.00014939409345388676,0.0014810704128829025
301,0.301,19999.998266238006,14999.999892063328,0.00014917507308110582,0.0014766502507729646
302,0.302,19999.998270883167,14999.999892084263,0.00014895781378813398,0.001472243280630953
303,0.303,19999.998275513324,14999.999892105025,0.00014874223754316916,0.0014678494630867294
304,0.304,19999.99828012858,14999.999892125625,0.00014852828035217183,0.001463468758887769
305,0.305,19999.998284729063,14999.999892146068,0.00014831587117151605,0.00145910112889836
306,0.306,19999.998289314874,14999.999892166357,0.00014810494731887073,0.0014547465340996083
307,0.307,19999.99829388612,14999.999892186506,0.00014789544993877002,0.0014504049355889995
308,0.308,19999.998298442897,14999.999892206515,0.00014768732355555707,0.0014460762945800543
309,0.309,19999.998302985307,14999.999892226393,0.00014748051562632765,0.0014417605724019818
310,0.31,19999.998307513437,14999.999892246145,0.0001472749760938741,0.001437457730499335
311,0.311,19999.998312027383,14999.999892265772,0.00014707065998386906,0.0014331677304316916
312,0.312,19999.99831652722,14999.999892285285,0.00014686752928993243,0.0014288905338733302
313,0.313,19999.99832101304,14999.999892304679,0.0001466655361887586,0.0014246261026127323
314,0.314,19999.99832548493,14999.999892323964,0.0001464646389484076,0.0014203743985523889
315,0.315,19999.998329942966,14999.999892343147,0.00014626479658211113,0.001416135383708409
316,0.316,19999.998334387237,14999.999892362226,0.00014606596843825265,0.0014119090202101721
317,0.317,19999.99833881783,14999.99989238121,0.00014586811379034735,0.0014076952702999864
318,0.318,19999.998343234813,14999.999892400101,0.00014567119142702229,0.0014034940963327392
319,0.319,19999.998347638237,14999.9998924189,0.00014547520537986809,0.0013993054607768535
320,0.32,19999.9983520281,14999.999892437603,0.00014528017917581827,0.0013951293262132274
321,0.321,19999.998356404525,14999.99989245622,0.00014508603759833991,0.00139096565533157
322,0.322,19999.998360767582,14999.999892474749,0.00014489275569923687,0.001386814410934265
323,0.323,19999.998365117335,14999.999892493197,0.0001447003092457795,0.0013826755559346402
324,0.324,19999.998369453842,14999.999892511567,0.0001445086745159839,0.0013785490533566277
325,0.325,19999.998373777165,14999.999892529859,0.00014431782809389013,0.0013744348663344238
326,0.326,19999.99837808737,14999.999892548076,0.00014412774666484117,0.0013703329581121512
327,0.327,19999.998382384485,14999.999892566215,0.0001439384367785652,0.001366243292045437
328,0.328,19999.998386668554,14999.999892584285,0.00014374989716879792,0.0013621658315986732
329,0.329,19999.998390939647,14999.999892602276,0.0001435620909039072,0.0013581005403429033
330,0.33,19999.998395197814,14999.999892620199,0.0001433750028322575,0.0013540473819591788
331,0.331,19999.99839944311,14999.999892638052,0.00014318861817966516,0.0013500063202368595
332,0.332,19999.998403675596,14999.99989265584,0.00014300292241887477,0.0013459773190732805
333,0.333,19999.998407895317,14999.999892673562,0.00014281790113903527,0.0013419603424734145
334,0.334,19999.998412102326,14999.999892691218,0.00014263353991517637,0.0013379553545495384
335,0.335,19999.998416296643,14999.999892708809,0.00014244985271097356,0.0013339623195246014
336,0.336,19999.998420478303,14999.999892726339,0.0001422668335377586,0.001329981201725632
337,0.337,19999.998424647376,14999.999892743801,0.00014208446032393026,0.0013260119655839225
338,0.338,19999.99842880391,14999.999892761203,0.00014190272454669183,0.0013220545756385572
339,0.339,19999.998432947934,14999.999892778545,0.0001417216179390426,0.0013181089965343684
340,0.34,19999.9984370795,14999.999892795828,0.00014154113240935707,0.001314175193021608
341,0.341,19999.998441198655,14999.99989281305,0.00014136125996096424,0.0013102531299556178
342,0.342,19999.998445305446,14999.99989283021,0.0001411819926117268,0.0013063427722965048
343,0.343,19999.998449399896,14999.999892847316,0.00014100333561187315,0.0013024440851136642
344,0.344,19999.998453482043,14999.999892864364,0.0001408252808894824,0.0012985570335757844
345,0.345,19999.99845755195,14999.999892881351,0.000140647818749172,0.0012946815829548216
346,0.346,19999.99846160964,14999.999892898282,0.00014047094331900035,0.001290817698627688
347,0.347,19999.99846565516,14999.99989291516,0.00014029464869957115,0.0012869653460745468
348,0.348,19999.998469688555,14999.999892931979,0.00014011892890305905,0.001283124490878492
349,0.349,19999.998473709864,14999.999892948746,0.00013994377779223476,0.0012792950987252243
350,0.35,19999.99847771913,14999.99989296546,0.00013976918901949055,0.001275477135402732
351,0.351,19999.99848171637,14999.999892982116,0.00013959517205667572,0.0012716705668065528
352,0.352,19999.99848570164,14999.999892998716,0.0001394217164732791,0.0012678753589270768
353,0.353,19999.998489674967,14999.999893015267,0.0001392488151121486,0.0012640914778572875
354,0.354,19999.998493636405,14999.999893031762,0.00013907646315325177,0.0012603188897921398
355,0.355,19999.998497585984,14999.999893048205,0.00013890465563416398,0.0012565575610273955
356,0.356,19999.99850152375,14999.999893064598,0.0001387333874091135,0.001252807457959312
357,0.357,19999.998505449734,14999.99989308094,0.00013856265310802706,0.0012490685470843263
358,0.358,19999.99850936398,14999.999893097227,0.0001383924470955746,0.0012453407949987395
359,0.359,19999.998513266506,14999.999893113465,0.00013822278540926152,0.0012416241684048684
360,0.36,19999.998517157357,14999.999893129652,0.00013805365315713064,0.001237918634095272
361,0.361,19999.998521036578,14999.999893145787,0.00013788504575932035,0.001234224158964576
362,0.362,19999.9985249042,14999.999893161872,0.0001377169596745417,0.0012305407100064475
363,0.363,19999.998528760254,14999.999893177908,0.00013754939133446401,0.0012268682543129744
364,0.364,19999.998532604794,14999.999893193895,0.0001373823371264105,0.001223206759074361
365,0.365,19999.998536437848,14999.999893209833,0.0001372157933760548,0.0012195561915786183
366,0.366,19999.998540259443,14999.999893225724,0.00013704975676581785,0.0012159165192074058
367,0.367,19999.998544069615,14999.999893241562,0.00013688423459042774,0.0012122877093598402
368,0.368,19999.998547868403,14999.999893257356,0.00013671921800783774,0.001208669729685467
369,0.369,19999.99855165584,14999.9998932731,0.0001365547047707633,0.001205062547867212
370,0.37,19999.998555431965,14999.999893288794,0.00013639069275607455,0.0012014661316871644
371,0.371,19999.998559196807,14999.99989330444,0.00013622717996479585,0.0011978804490265771
372,0.372,19999.998562950404,14999.999893320042,0.000136064164522106,0.0011943054678658675
373,0.373,19999.998566692793,14999.999893335595,0.0001359016446773383,0.001190741156284615
374,0.374,19999.998570423995,14999.999893351098,0.0001357396178953087,0.0011871874823984917
375,0.375,19999.998574144058,14999.999893366556,0.00013557807691167434,0.0011836444140854577
376,0.376,19999.998577853017,14999.999893381968,0.00013541702370131308,0.0011801119199553259
377,0.377,19999.9985815509,14999.999893397333,0.00013525645638432212,0.0011765899684408894
378,0.378,19999.998585237743,14999.99989341265,0.00013509637315857614,0.001173078528070886
379,0.379,19999.99858891358,14999.999893427925,0.00013493677229972767,0.0011695775674699974
380,0.38,19999.99859257844,14999.999893443151,0.00013477765216120673,0.001166087055358851
381,0.381,19999.998596232355,14999.999893458331,0.00013461901117422102,0.0011626069605540175
382,0.382,19999.998599875362,14999.999893473465,0.0001344608478477558,0.0011591372519680128
383,0.383,19999.998603507494,14999.999893488555,0.0001343031607685741,0.0011556778986092971
384,0.384,19999.99860712878,14999.9998935036,0.00013414594860121636,0.0011522288695822748
385,0.385,19999.998610739247,14999.9998935186,0.0001339892100880009,0.0011487901340872957
386,0.386,19999.998614338943,14999.999893533552,0.0001338329440490234,0.0011453616614206532
387,0.387,19999.998617927882,14999.999893548458,0.00013367714938215748,0.0011419434209745854
388,0.388,19999.99862150611,14999.999893563323,0.00013352182506305414,0.0011385353822372754
389,0.389,19999.99862507365,14999.99989357814,0.0001333669701451421,0.00113513751479285
390,0.39,19999.998628630543,14999.999893592914,0.00013321257785033742,0.001131749788009217
391,0.391,19999.998632176827,14999.999893607644,0.00013305863993133958,0.001128372171268507
392,0.392,19999.998635712524,14999.999893622331,0.0001329051640276922,0.0011250046348839251
393,0.393,19999.998639237667,14999.999893636972,0.00013275214889012552,0.0011216471487909506
394,0.394,19999.99864275229,14999.999893651571,0.00013259959331587393,0.0011182996830193571
395,0.395,19999.998646256412,14999.999893666125,0.00013244749614867642,0.0011149622076932096
396,0.396,19999.998649750083,14999.999893680635,0.00013229585627877637,0.0011116346930308654
397,0.397,19999.998653233313,14999.999893695101,0.00013214467264292142,0.0011083171093449746
398,0.398,19999.998656706142,14999.999893709526,0.00013199394422436374,0.0011050094270424798
399,0.399,19999.998660168614,14999.999893723905,0.0001318436700528598,0.0011017116166246162
400,0.4,19999.998663620736,14999.999893738242,0.00013169384920467061,0.001098423648686911
401,0.401,19999.998667062555,14999.999893752532,0.00013154448080256143,0.0010951454939191843
402,0.402,19999.99867049409,14999.999893766784,0.00013139556401580194,0.001091877123105548
403,0.403,19999.99867391538,14999.99989378099,0.00013124709806016632,0.0010886185071244078
404,0.404,19999.998677326443,14999.999893795153,0.00013109908219793298,0.0010853696169484607
405,0.405,19999.998680727327,14999.999893809272,0.0001309515157378849,0.001082130423644696
406,0.406,19999.998684118065,14999.999893823351,0.00013080438128505856,0.0010789008962868631
407,0.407,19999.9986874987,14999.999893837388,0.00013065767716372644,0.0010756810059962484
408,0.408,19999.99869086924,14999.999893851385,0.0001305114129524167,0.0010724707253852196
409,0.409,19999.99869422972,14999.999893865337,0.00013036558735979664,0.0010692700257999628
410,0.41,19999.998697580162,14999.99989387925,0.0001302201991079877,0.001066078878676838
411,0.411,19999.99870092061,14999.99989389312,0.00013007524693256565,0.0010628972555423782
412,0.412,19999.99870425108,14999.999893906948,0.0001299307295825606,0.0010597251280132906
413,0.413,19999.998707571616,14999.999893920736,0.00012978664582045677,0.0010565624677964553
414,0.414,19999.99871088223,14999.99989393448,0.00012964299442219272,0.0010534092466889264
415,0.415,19999.998714182966,14999.999893948185,0.00012949977417716133,0.0010502654365779312
416,0.416,19999.99871747385,14999.999893961847,0.0001293569838882096,0.0010471310094408704
417,0.417,19999.9987207549,14999.99989397547,0.00012921462237163898,0.0010440059373453185
418,0.418,19999.99872402616,14999.999893989052,0.00012907268845720505,0.001040890192449024
419,0.419,19999.998727287657,14999.99989400259,0.00012893118098811763,0.0010377837469999077
420,0.42,19999.998730539413,14999.99989401609,0.00012879009882104097,0.0010346865733360652
421,0.421,19999.998733781456,14999.99989402955,0.00012864944082609345,0.001031598643885765
422,0.422,19999.99873701384,14999.99989404297,0.0001285091972907878,0.0010285199278535068
423,0.423,19999.99874023657,14999.99989405635,0.00012836937115115498,0.0010254503994050184
424,0.424,19999.998743449687,14999.999894069688,0.0001282299631160343,0.0010223900319323894
425,0.425,19999.99874665321,14999.999894082986,0.00012809097184648103,0.0010193387981232375
426,0.426,19999.998749847175,14999.999894096247,0.00012795239600688294,0.0010162966707514514
427,0.427,19999.998753031603,14999.999894109465,0.00012781423426495996,0.001013263622677191
428,0.428,19999.998756206525,14999.999894122646,0.00012767648529176447,0.001010239626846888
429,0.429,19999.998759371978,14999.999894135788,0.00012753914776168098,0.0010072246562932451
430,0.43,19999.998762527983,14999.999894148892,0.00012740222035242666,0.0010042186841352364
431,0.431,19999.998765674558,14999.999894161954,0.00012726570174505074,0.0010012216835781078
432,0.432,19999.998768811754,14999.999894174978,0.00012712959062393482,0.0009982336279133759
433,0.433,19999.99877193958,14999.999894187962,0.00012699388567679297,0.0009952544905188284
434,0.434,19999.998775058073,14999.999894200908,0.00012685858559467134,0.0009922842448585253
435,0.435,19999.998778167257,14999.999894213815,0.00012672368907194872,0.0009893228644827971
436,0.436,19999.99878126716,14999.999894226687,0.00012658919480633597,0.000986370323028246
437,0.437,19999.998784357816,14999.999894239516,0.00012645510149985492,0.0009834265942152644
438,0.438,19999.998787439246,14999.999894252309,0.0001263214096312432,0.0009804916473537195
439,0.439,19999.998790511483,14999.999894265062,0.0001261881165402224,0.0009775654598078519
440,0.44,19999.99879357455,14999.999894277778,0.00012605522097841541,0.0009746480054564429
441,0.441,19999.998796628475,14999.999894290455,0.00012592272170238906,0.0009717392582604592
442,0.442,19999.99879967328,14999.999894303097,0.00012579061747365386,0.0009688391922630521
443,0.443,19999.998802709004,14999.9998943157,0.00012565890705866424,0.0009659477815895581
444,0.444,19999.99880573567,14999.999894328266,0.00012552758922881855,0.0009630650004474987
445,0.445,19999.998808753302,14999.999894340794,0.00012539666276045885,0.0009601908231265807
446,0.446,19999.998811761932,14999.999894353285,0.000125266126434871,0.0009573252239986948
447,0.447,19999.998814761573,14999.999894365737,0.0001251359790382849,0.0009544681775179182
448,0.448,19999.99881775227,14999.999894378154,0.000125006219361874,0.0009516196582205122
449,0.449,19999.998820734043,14999.999894390534,0.00012487684620175597,0.0009487796407249234
450,0.45,19999.998823706916,14999.999894402874,0.00012474785835899193,0.0009459480997317833
451,0.451,19999.99882667091,14999.999894415178,0.000124619254639587,0.0009431250100239083
452,0.452,19999.998829626064,14999.999894427448,0.0001244910338544902,0.0009403103464663004
453,0.453,19999.998832572397,14999.999894439681,0.00012436319521279683,0.000937504082728848
454,0.454,19999.998835509945,14999.999894451877,0.0001242357388678421,0.0009347061895123716
455,0.455,19999.99883843872,14999.999894464037,0.00012410866239358575,0.0009319166459949013
456,0.456,19999.998841358763,14999.999894476157,0.00012398196466739106,0.0009291354272186744
457,0.457,19999.998844270085,14999.999894488246,0.00012385564457340162,0.0009263625083021477
458,0.458,19999.998847172727,14999.999894500299,0.00012372970100254144,0.0009235978644399969
459,0.459,19999.998850066706,14999.999894512313,0.0001236041328525148,0.0009208414709031168
460,0.46,19999.99885295204,14999.99989452429,0.0001234789390278066,0.0009180933030386208
461,0.461,19999.998855828777,14999.999894536235,0.000123354118439682,0.0009153533362698423
462,0.462,19999.99885869692,14999.999894548144,0.00012322967000618647,0.0009126215460963329
463,0.463,19999.99886155651,14999.999894560016,0.00012310559265214604,0.0009098979080938638
464,0.464,19999.998864407564,14999.999894571853,0.00012298188530916707,0.0009071823979144248
465,0.465,19999.998867250113,14999.999894583656,0.00012285854691563628,0.0009044749912862248
466,0.466,19999.998870084175,14999.99989459542,0.00012273557641672073,0.0009017756640136923
467,0.467,19999.998872909782,14999.999894607152,0.0001226129727643681,0.0008990843919774743
468,0.468,19999.998875726957,14999.99989461885,0.00012249073491730616,0.0008964011511344372
469,0.469,19999.998878535724,14999.999894630511,0.00012236886184104333,0.0008937259175176662
470,0.47,19999.998881336116,14999.999894642136,0.00012224735250786824,0.0008910586672364655
471,0.471,19999.99888412814,14999.999894653729,0.00012212620589685001,0.0008883993764763584
472,0.472,19999.99888691184,14999.999894665287,0.00012200542099383812,0.0008857480214990878
473,0.473,19999.998889687227,14999.999894676812,0.00012188499679146247,0.0008831045786426148
474,0.474,19999.998892454336,14999.999894688299,0.0001217649322891333,0.0008804690243211202
475,0.475,19999.998895213186,14999.999894699753,0.00012164522649304134,0.0008778413350250035
476,0.476,19999.9988979638,14999.99989471117,0.00012152587841615759,0.0008752214873208835
477,0.477,19999.998900706207,14999.999894722558,0.0001214068870782335,0.000872609457851598
478,0.478,19999.998903440428,14999.99989473391,0.00012128825150580096,0.0008700052233362033
479,0.479,19999.99890616649,14999.999894745228,0.00012116997073217215,0.0008674087605699759
480,0.48,19999.998908884416,14999.999894756511,0.00012105204379743975,0.0008648200464244101
481,0.481,19999.998911594226,14999.999894767761,0.00012093446974847673,0.0008622390578472203
482,0.482,19999.998914295957,14999.999894778977,0.00012081724763893657,0.000859665771862339
483,0.483,19999.99891698961,14999.999894790162,0.00012070037652925301,0.0008571001655699188
484,0.484,19999.998919675232,14999.999894801313,0.00012058385548664029,0.0008545422161463308
485,0.485,19999.99892235284,14999.999894812428,0.00012046767729718705,0.0008519919020384162
486,0.486,19999.998925022464,14999.999894823512,0.0001203518426103674,0.0008494492002770442
487,0.487,19999.998927684115,14999.999894834562,0.00012023635378988533,0.0008469140876450097
488,0.488,19999.99893033782,14999.99989484558,0.00012012120983944379,0.0008443865416407735
489,0.489,19999.99893298361,14999.999894856566,0.00012000640976711956,0.000841866539839473
490,0.49,19999.9989356215,14999.999894867515,0.00011989195258536306,0.0008393540598929212
491,0.491,19999.998938251512,14999.999894878436,0.00011977783731099852,0.000836849079529608
492,0.492,19999.998940873676,14999.99989488932,0.00011966406296522398,0.0008343515765546989
493,0.493,19999.998943488015,14999.999894900175,0.00011955062857361111,0.0008318615288500356
494,0.494,19999.998946094547,14999.999894910998,0.00011943753316610537,0.0008293789143741361
495,0.495,19999.998948693294,14999.999894921788,0.000119324775777026,0.0008269037111621947
496,0.496,19999.998951284288,14999.999894932544,0.00011921235544506595,0.0008244358973260813
497,0.497,19999.998953867544,14999.999894943268,0.00011910027121329197,0.0008219754510543424
498,0.498,19999.998956443083,14999.99989495396,0.00011898852212914448,0.0008195223506122003
499,0.499,19999.998959010936,14999.999894964623,0.00011887710724443772,0.0008170765743415542
500,0.5,19999.99896157112,14999.999894975252,0.00011876602561535963,0.0008146381006609783
